# schema: astropy-2.0
# kmin kmax kavg power N_modes
0.006283185307179587 0.00942477796076938 0.008018239019937683 1451.4468 18
0.00942477796076938 0.012566370614359173 0.010882796185405308 969.84375 8
0.012566370614359173 0.015707963267948967 0.014480808923383829 2574.247 54
0.015707963267948967 0.01884955592153876 0.017771531752633466 1756.5648 12
0.01884955592153876 0.021991148575128554 0.01996054522120218 2251.7039 86
0.021991148575128554 0.025132741228718346 0.02322446674414465 2262.622 72
0.025132741228718346 0.02827433388230814 0.026707588494950252 1860.4868 138
0.02827433388230814 0.031415926535897934 0.029459572965435128 2312.6614 96
0.031415926535897934 0.034557519189487726 0.033000203912249594 1968.0972 254
0.034557519189487726 0.03769911184307752 0.03655036748770887 1588.2565 156
0.03769911184307752 0.04084070449666731 0.0394812479578312 1612.9684 294
0.04084070449666731 0.04398229715025711 0.04253897831388842 1332.6342 224
0.04398229715025711 0.0471238898038469 0.045555500187505656 1347.0505 378
0.0471238898038469 0.05026548245743669 0.04866358907275323 1340.6226 312
0.05026548245743669 0.053407075111026485 0.05164295034290287 1278.0027 450
0.053407075111026485 0.05654866776461628 0.05463918684371823 1165.2091 416
0.05654866776461628 0.059690260418206076 0.058210012248448906 1138.2207 726
0.059690260418206076 0.06283185307179587 0.061487098348268245 1024.1096 444
0.06283185307179587 0.06597344572538566 0.06448232853923791 1148.4648 806
0.06597344572538566 0.06911503837897545 0.06763111626719209 1084.8695 552
0.06911503837897545 0.07225663103256524 0.07063846191597895 912.1478 906
0.07225663103256524 0.07539822368615504 0.07363722856533987 911.4677 720
0.07539822368615504 0.07853981633974483 0.07686073495265092 833.2236 1094
0.07853981633974483 0.08168140899333462 0.08004933333431455 891.72833 876
0.08168140899333462 0.08482300164692443 0.08325000310130054 758.32086 1302
0.08482300164692443 0.08796459430051422 0.0865471542688657 731.743 1112
0.08796459430051422 0.09110618695410401 0.0897103960128045 683.57324 1386
0.09110618695410401 0.0942477796076938 0.09267867832320004 590.3589 1104
0.0942477796076938 0.0973893722612836 0.09556914294288528 543.41693 1518
0.0973893722612836 0.10053096491487339 0.09880663158898487 541.4169 1556
0.10053096491487339 0.10367255756846318 0.10209099167960003 505.35965 1782
0.10367255756846318 0.10681415022205297 0.10513146935348604 505.2464 1556
0.10681415022205297 0.10995574287564276 0.10836604162098676 483.1513 2166
0.10995574287564276 0.11309733552923255 0.11155648903713968 456.35593 1728
0.11309733552923255 0.11623892818282235 0.11475106313006729 448.39624 2442
0.11623892818282235 0.11938052083641215 0.1179074866423727 430.36496 1904
0.11938052083641215 0.12252211349000194 0.12092893320556301 413.39948 2454
0.12252211349000194 0.12566370614359174 0.1240598786673465 437.95758 2268
0.12566370614359174 0.12880529879718153 0.12719106010188766 425.98306 2766
0.12880529879718153 0.13194689145077132 0.1304070773223639 388.17004 2632
0.13194689145077132 0.1350884841043611 0.13363646164562903 385.23178 3082
0.1350884841043611 0.1382300767579509 0.13669260392295193 370.38452 2544
0.1382300767579509 0.1413716694115407 0.13976125093445185 369.67053 3438
0.1413716694115407 0.1445132620651305 0.14292099262572588 370.82822 2948
0.1445132620651305 0.14765485471872028 0.14604426979805182 349.28027 3654
0.14765485471872028 0.15079644737231007 0.14917762427780187 316.86682 3312
0.15079644737231007 0.15393804002589986 0.15230709125095723 315.34277 3818
0.15393804002589986 0.15707963267948966 0.155376713211643 273.78775 3552
0.15707963267948966 0.16022122533307945 0.15859619655669907 273.33295 4482
0.16022122533307945 0.16336281798666924 0.1617774379489228 264.21222 3848
0.16336281798666924 0.16650441064025903 0.16496848185804272 262.2063 4758
0.16650441064025903 0.16964600329384885 0.16820900497742303 245.60426 4292
0.16964600329384885 0.17278759594743864 0.17127878529836038 245.78163 4774
0.17278759594743864 0.17592918860102844 0.17441370202909878 240.35912 4688
0.17592918860102844 0.17907078125461823 0.1776012677935207 237.78377 5274
0.17907078125461823 0.18221237390820802 0.18065448262045472 228.49489 4672
0.18221237390820802 0.1853539665617978 0.18378689470463708 224.5609 5878
0.1853539665617978 0.1884955592153876 0.18696910248169238 217.59145 5148
0.1884955592153876 0.1916371518689774 0.19007475839756546 210.41919 6078
0.1916371518689774 0.1947787445225672 0.19313397383312153 216.89883 5392
0.1947787445225672 0.19792033717615698 0.19632430771729442 207.52353 6754
0.19792033717615698 0.20106192982974677 0.19952164101606706 199.39302 5904
0.20106192982974677 0.20420352248333656 0.20257016086853377 195.68036 6702
0.20420352248333656 0.20734511513692636 0.20571074369515682 187.21895 6492
0.20734511513692636 0.21048670779051615 0.2088912831638919 183.47986 7310
0.21048670779051615 0.21362830044410594 0.21204357376135965 171.93256 6884
0.21362830044410594 0.21676989309769573 0.21522160634126897 172.52316 7870
0.21676989309769573 0.21991148575128552 0.2183659370491708 173.607 7024
0.21991148575128552 0.22305307840487532 0.22146610767456462 161.19041 8170
0.22305307840487532 0.2261946710584651 0.22458770098059166 154.93369 7656
0.2261946710584651 0.2293362637120549 0.22777673087209915 150.52528 8798
0.2293362637120549 0.2324778563656447 0.23091443336338643 151.50627 7908
0.2324778563656447 0.2356194490192345 0.23403858361169735 148.89037 9246
0.2356194490192345 0.2387610416728243 0.23717694474833587 140.05983 8408
0.2387610416728243 0.2419026343264141 0.24034913873591082 137.93219 9858
0.2419026343264141 0.2450442269800039 0.24351877041966016 137.64638 8952
0.2450442269800039 0.24818581963359368 0.24658625060101416 135.35747 9798
0.24818581963359368 0.25132741228718347 0.24970790122613065 133.25978 9596
0.25132741228718347 0.25446900494077324 0.2528760744517146 127.523544 10638
0.25446900494077324 0.25761059759436306 0.25596024667034767 124.83937 9760
0.25761059759436306 0.2607521902479528 0.2591651149521402 124.311226 11690
0.2607521902479528 0.26389378290154264 0.26235917280904336 124.1601 10216
0.26389378290154264 0.2670353755551324 0.2654649635280203 122.37865 11746
0.2670353755551324 0.2701769682087222 0.26856130163027464 117.10475 10728
0.2701769682087222 0.27331856086231204 0.2717456702199924 115.5164 12734
0.27331856086231204 0.2764601535159018 0.2749265443330816 111.154106 11316
0.2764601535159018 0.2796017461694916 0.2780149990485746 106.862076 12726
0.2796017461694916 0.2827433388230814 0.28116783541629725 106.91391 12120
0.2827433388230814 0.2858849314766712 0.2843615216542496 103.83265 13826
0.2858849314766712 0.289026524130261 0.28751209827232993 102.565575 12264
0.289026524130261 0.2921681167838508 0.29059699503421443 101.72746 13854
0.2921681167838508 0.29530970943744056 0.2936988876081245 99.134285 12908
0.29530970943744056 0.2984513020910304 0.29681396906810886 95.57908 14598
0.2984513020910304 0.30159289474462014 0.2999533438608488 94.42373 13896
0.30159289474462014 0.30473448739820996 0.30312241836796316 92.93509 15170
0.30473448739820996 0.3078760800517997 0.3062512954599882 91.838455 14256
0.3078760800517997 0.31101767270538955 0.30942290844210046 89.49646 16194
0.31101767270538955 0.3141592653589793 0.31257645429648373 88.102 14784
0.3141592653589793 0.31730085801256913 0.31575730945934094 85.92905 16958
0.31730085801256913 0.3204424506661589 0.3188814883764843 85.14921 14868
0.3204424506661589 0.3235840433197487 0.3219699119909303 84.75499 17382
0.3235840433197487 0.3267256359733385 0.3251627492452643 82.11722 16376
0.3267256359733385 0.3298672286269283 0.32832413034613384 81.5488 17874
0.3298672286269283 0.33300882128051806 0.33143263850910065 79.55498 16512
0.33300882128051806 0.3361504139341079 0.33459757398684215 78.041374 18942
0.3361504139341079 0.3392920065876977 0.3378005022312722 75.31648 17668
0.3392920065876977 0.34243359924128747 0.3409144882530543 75.507515 18766
0.34243359924128747 0.3455751918948773 0.34400232742849546 74.42706 17952
0.3455751918948773 0.34871678454846705 0.347128012874528 72.40008 19730
0.34871678454846705 0.35185837720205687 0.35027748727654756 72.001205 19128
0.35185837720205687 0.35499996985564664 0.35340111191946305 70.35673 20166
0.35499996985564664 0.35814156250923646 0.35657116492810037 69.20254 20212
0.35814156250923646 0.3612831551628262 0.3597576872057455 69.633286 21214
0.3612831551628262 0.36442474781641604 0.36284783415541544 69.10619 19636
0.36442474781641604 0.3675663404700058 0.3659680101538145 65.73083 22430
0.3675663404700058 0.3707079331235956 0.3691316858521331 65.42285 20792
0.3707079331235956 0.3738495257771854 0.3722588817452682 65.30603 22698
0.3738495257771854 0.3769911184307752 0.3753628985451836 63.106377 21480
0.3769911184307752 0.38013271108436497 0.37855333871168456 62.51292 24222
0.38013271108436497 0.3832743037379548 0.3817246588975391 61.61405 22228
0.3832743037379548 0.38641589639154456 0.3848466716276332 60.64205 24406
0.38641589639154456 0.3895574890451344 0.3879825873700948 59.73778 22960
0.3895574890451344 0.39269908169872414 0.39114789443073733 59.315224 25594
0.39269908169872414 0.39584067435231396 0.3942601962487147 58.324947 23128
0.39584067435231396 0.3989822670059037 0.3973290941830777 57.372528 25742
0.3989822670059037 0.40212385965949354 0.4005346013598483 56.074123 25692
0.40212385965949354 0.40526545231308336 0.40367971132788966 55.846134 25862
0.40526545231308336 0.4084070449666731 0.406763029265572 55.543236 25576
0.4084070449666731 0.41154863762026295 0.4099697076996503 54.304153 28514
0.41154863762026295 0.4146902302738527 0.4131624780149427 53.184162 26304
0.4146902302738527 0.41783182292744253 0.41627831321643405 53.279545 28010
0.41783182292744253 0.4209734155810323 0.4193754221016665 52.41291 26840
0.4209734155810323 0.4241150082346221 0.42255248908360166 51.34734 30070
0.4241150082346221 0.4272566008882119 0.42569867071948725 50.83055 27268
0.4272566008882119 0.4303981935418017 0.4287994866413272 50.306076 30214
0.4303981935418017 0.43353978619539146 0.4319611336478267 48.67523 29024
0.43353978619539146 0.4366813788489813 0.43514560001242997 47.667416 31602
0.4366813788489813 0.43982297150257105 0.43827459406820296 48.370274 28952
0.43982297150257105 0.44296456415616087 0.44139292793689594 47.345024 32254
0.44296456415616087 0.44610615680975063 0.44452735078564753 46.40698 29916
0.44610615680975063 0.44924774946334045 0.44763303948580224 46.231766 32654
0.44924774946334045 0.4523893421169302 0.4507553684233238 45.78743 31392
0.4523893421169302 0.45553093477052004 0.45393903158044807 44.91644 34338
0.45553093477052004 0.4586725274241098 0.4570771831143556 44.40128 31696
0.4586725274241098 0.4618141200776996 0.4601989713230914 44.063908 34990
0.4618141200776996 0.4649557127312894 0.46338897258756895 43.68798 33828
0.4649557127312894 0.4680973053848792 0.4665685418833208 43.174717 35870
0.4680973053848792 0.471238898038469 0.46970545864208696 42.503162 33796
0.471238898038469 0.4743804906920588 0.4728140682387824 41.314484 36230
0.4743804906920588 0.4775220833456486 0.4759723043960954 40.941647 35528
0.4775220833456486 0.48066367599923837 0.4791149245338241 40.654526 37218
0.48066367599923837 0.4838052686528282 0.4822461935556863 39.72613 36192
0.4838052686528282 0.48694686130641796 0.48540896429154073 39.668667 38718
0.48694686130641796 0.4900884539600078 0.48854416474278156 39.391575 36572
0.4900884539600078 0.49323004661359754 0.4916499027262655 38.528316 39150
0.49323004661359754 0.49637163926718736 0.49477873443211884 38.488464 38072
0.49637163926718736 0.4995132319207771 0.49793004363074905 37.6167 40306
0.4995132319207771 0.5026548245743669 0.5010542276284619 37.2048 38744
0.5026548245743669 0.5057964172279568 0.5041783331696286 36.758068 41286
0.5057964172279568 0.5089380098815465 0.5073107246517451 36.597435 39804
0.5089380098815465 0.5120796025351363 0.5104815449677059 36.20728 43382
0.5120796025351363 0.5152211951887261 0.5136215362637454 35.62139 40264
0.5152211951887261 0.5183627878423159 0.5167738326970892 35.803074 44402
0.5183627878423159 0.5215043804959056 0.5199471059168039 35.17583 41832
0.5215043804959056 0.5246459731494955 0.5230808520176861 34.616505 44714
0.5246459731494955 0.5277875658030853 0.5262158193158967 34.006355 42776
0.5277875658030853 0.5309291584566751 0.5293496213882386 33.666687 45358
0.5309291584566751 0.5340707511102648 0.5324661666982293 33.421654 43772
0.5340707511102648 0.5372123437638546 0.5356279155190091 33.36625 47766
0.5372123437638546 0.5403539364174444 0.538792133964277 32.143417 44688
0.5403539364174444 0.5434955290710343 0.5419414874004537 32.29205 48450
0.5434955290710343 0.5466371217246241 0.5451047358218002 32.05971 46176
0.5466371217246241 0.5497787143782138 0.5482205019010665 31.847012 48302
0.5497787143782138 0.5529203070318036 0.5513487669687477 31.406923 47364
0.5529203070318036 0.5560618996853934 0.5544881126684769 31.090225 49910
0.5560618996853934 0.5592034923389833 0.5575959068660207 30.358238 47608
0.5592034923389833 0.562345084992573 0.5607505195833565 30.611258 52082
0.562345084992573 0.5654866776461628 0.5639204156248034 29.870642 49560
0.5654866776461628 0.5686282702997526 0.5670817936372566 30.115078 53030
0.5686282702997526 0.5717698629533424 0.5702291456829286 29.90382 50052
0.5717698629533424 0.5749114556069321 0.5733689286105994 29.450848 53718
0.5749114556069321 0.578053048260522 0.5764924644750757 29.067148 51020
0.578053048260522 0.5811946409141118 0.5796259135269806 28.869719 55326
0.5811946409141118 0.5843362335677016 0.5828016005156986 28.659657 52984
0.5843362335677016 0.5874778262212913 0.5859349194680337 28.107437 55562
0.5874778262212913 0.5906194188748811 0.5890480440618551 28.0217 53480
0.5906194188748811 0.5937610115284709 0.59218381302357 27.50186 57246
0.5937610115284709 0.5969026041820608 0.5953301750685585 27.433304 54972
0.5969026041820608 0.6000441968356505 0.5984360627112976 26.745646 57350
0.6000441968356505 0.6031857894892403 0.6015762631588794 26.684055 57216
0.6031857894892403 0.6063273821428301 0.6047257957680847 26.53851 58674
0.6063273821428301 0.6094689747964199 0.607852664454013 26.465399 57968
0.6094689747964199 0.6126105674500097 0.6110097049337343 26.232763 60798
0.6126105674500097 0.6157521601035995 0.6141580729292347 25.785614 58836
0.6157521601035995 0.6188937527571893 0.6173450338778494 25.473494 63462
0.6188937527571893 0.6220353454107791 0.6204939000780851 25.36507 58972
0.6220353454107791 0.6251769380643689 0.6236049602447937 25.139278 63118
0.6251769380643689 0.6283185307179586 0.6267422028252524 25.149597 60816
0.6283185307179586 0.6314601233715484 0.6298854863829598 25.018272 64994
0.6314601233715484 0.6346017160251383 0.6330141683431681 24.512781 61736
0.6346017160251383 0.6377433086787281 0.6361622591586473 24.371155 66454
0.6377433086787281 0.6408849013323178 0.6393222564276735 24.173494 63540
0.6408849013323178 0.6440264939859076 0.6424631569310046 23.54191 67454
0.6440264939859076 0.6471680866394974 0.645598644237591 23.737423 64248
0.6471680866394974 0.6503096792930873 0.6487524368336167 23.265478 69474
0.6503096792930873 0.653451271946677 0.6518937375812446 23.171347 65360
0.653451271946677 0.6565928646002668 0.6549865783576795 23.205246 68526
0.6565928646002668 0.6597344572538566 0.6581409168017791 22.69786 68884
0.6597344572538566 0.6628760499074464 0.6613237198824452 22.624746 71654
0.6628760499074464 0.6660176425610361 0.6644536934759097 22.417685 67832
0.6660176425610361 0.669159235214626 0.6675867262350854 22.126652 72762
0.669159235214626 0.6723008278682158 0.6707256446081229 22.342234 69512
0.6723008278682158 0.6754424205218056 0.6738551088562776 21.989376 74082
0.6754424205218056 0.6785840131753954 0.6770163852447377 21.603718 72176
0.6785840131753954 0.6817256058289851 0.6801574181120746 21.573475 74134
0.6817256058289851 0.6848671984825749 0.6832642502351638 21.401525 72252
0.6848671984825749 0.6880087911361648 0.6864335180681321 21.12378 78398
0.6880087911361648 0.6911503837897546 0.6896035386558723 20.980227 73488
0.6911503837897546 0.6942919764433443 0.6927445184275006 20.880098 78426
0.6942919764433443 0.6974335690969341 0.6958470966827008 20.605133 73464
0.6974335690969341 0.7005751617505239 0.6989635121817144 20.60893 79934
0.7005751617505239 0.7037167544041137 0.7021310106197555 20.373034 77436
0.7037167544041137 0.7068583470577035 0.7052709129465128 20.466003 80430
0.7068583470577035 0.7099999397112933 0.7084030354530655 20.241854 78160
0.7099999397112933 0.7131415323648831 0.7115553924016994 19.895735 82498
0.7131415323648831 0.7162831250184729 0.7147155008000781 19.819698 80248
0.7162831250184729 0.7194247176720626 0.7178654016204465 19.545977 83854
0.7194247176720626 0.7225663103256524 0.721005656591974 19.374819 80612
0.7225663103256524 0.7257079029792423 0.7241249186749454 19.159958 84382
0.7257079029792423 0.7288494956328321 0.7272677843358154 19.131077 83524
0.7288494956328321 0.7319910882864218 0.7304234522456676 18.935884 86326
0.7319910882864218 0.7351326809400116 0.7335622194370301 18.865656 83960
0.7351326809400116 0.7382742735936014 0.7367211224593667 18.603846 89026
0.7382742735936014 0.7414158662471912 0.7398667994738419 18.65971 84704
0.7414158662471912 0.7445574589007811 0.7429896274846998 18.407175 89190
0.7445574589007811 0.7476990515543708 0.7461180546376962 18.038986 86452
0.7476990515543708 0.7508406442079606 0.7492345024949386 17.946629 90326
0.7508406442079606 0.7539822368615504 0.7523701511995581 17.859415 88808
0.7539822368615504 0.7571238295151402 0.7555340018478021 17.801075 92994
0.7571238295151402 0.7602654221687299 0.7586748090943776 17.764175 89704
0.7602654221687299 0.7634070148223198 0.7618223931959627 17.634468 94726
0.7634070148223198 0.7665486074759096 0.7649718294447885 17.579945 91028
0.7665486074759096 0.7696902001294994 0.7681194322965116 17.336794 96214
0.7696902001294994 0.7728317927830891 0.7712478793352737 17.231861 91880
0.7728317927830891 0.7759733854366789 0.7743924400937674 17.103964 98370
0.7759733854366789 0.7791149780902688 0.7775552247151805 16.957912 94408
0.7791149780902688 0.7822565707438586 0.7806825912943705 16.793211 98162
0.7822565707438586 0.7853981633974483 0.7838180905145113 16.740595 96224
0.7853981633974483 0.7885397560510381 0.7869920941491163 16.5694 102030
0.7885397560510381 0.7916813487046279 0.790152196504632 16.453491 97036
0.7916813487046279 0.7948229413582177 0.7932667792398331 16.406261 101038
0.7948229413582177 0.7979645340118074 0.796370419074981 16.178831 97464
0.7979645340118074 0.8011061266653973 0.7995070497255768 16.108204 104586
0.8011061266653973 0.8042477193189871 0.8026540563215309 16.0453 100488
0.8042477193189871 0.8073893119725769 0.8057911740126542 15.951844 105014
0.8073893119725769 0.8105309046261667 0.8089361195507941 15.9039 102444
0.8105309046261667 0.8136724972797564 0.8121009233417091 15.6605015 108222
0.8136724972797564 0.8168140899333463 0.8152421339154738 15.593896 102864
0.8168140899333463 0.8199556825869361 0.8183870327960516 15.489527 109562
0.8199556825869361 0.8230972752405259 0.8215358015319478 15.328943 104704
0.8230972752405259 0.8262388678941156 0.8246498414189065 15.255609 109214
0.8262388678941156 0.8293804605477054 0.8277834403619242 15.083429 107652
0.8293804605477054 0.8325220532012952 0.8309569526192103 15.045265 113342
0.8325220532012952 0.8356636458548851 0.8341169975486374 15.059674 108564
0.8356636458548851 0.8388052385084748 0.8372436764673957 14.912506 112958
0.8388052385084748 0.8419468311620646 0.8403965590015697 14.76789 111440
0.8419468311620646 0.8450884238156544 0.8435452171168707 14.637117 114874
0.8450884238156544 0.8482300164692442 0.8466607797145398 14.5294075 110944
0.8482300164692442 0.8513716091228339 0.849783568337978 14.584436 116350
0.8513716091228339 0.8545132017764238 0.8529254445101997 14.418834 114068
0.8545132017764238 0.8576547944300136 0.8560695952661954 14.392872 118894
0.8576547944300136 0.8607963870836034 0.8592165065534929 14.27341 115784
0.8607963870836034 0.8639379797371931 0.8623871988940206 14.026516 122034
0.8639379797371931 0.8670795723907829 0.8655225866466689 14.062435 115064
0.8670795723907829 0.8702211650443727 0.8686476284184952 14.003832 123334
0.8702211650443727 0.8733627576979626 0.8718021705766885 13.920975 118460
0.8733627576979626 0.8765043503515524 0.8749291360719471 13.849318 122958
0.8765043503515524 0.8796459430051421 0.8780496676052052 13.713907 120320
0.8796459430051421 0.8827875356587319 0.881200651844442 13.586282 126498
0.8827875356587319 0.8859291283123217 0.8843590949833747 13.431588 122792
0.8859291283123217 0.8890707209659116 0.8874995568219242 13.420334 127114
0.8890707209659116 0.8922123136195013 0.8906231951393071 13.3202915 123480
0.8922123136195013 0.8953539062730911 0.8937875512142611 13.207206 131222
0.8953539062730911 0.8984954989266809 0.8969269362431767 13.250965 123684
0.8984954989266809 0.9016370915802707 0.9000305779135334 13.11169 130734
0.9016370915802707 0.9047786842338604 0.9031880569255513 13.082797 128864
0.9047786842338604 0.9079202768874503 0.906329190294325 12.94078 131490
0.9079202768874503 0.9110618695410401 0.9094599043755659 12.786363 130200
0.9110618695410401 0.9142034621946299 0.9126078588356796 12.741947 134774
0.9142034621946299 0.9173450548482196 0.9157721866003953 12.797554 132860
0.9173450548482196 0.9204866475018094 0.9189229657785681 12.649192 135862
0.9204866475018094 0.9236282401553992 0.9220505933287537 12.549706 132904
0.9236282401553992 0.9267698328089891 0.925195706831227 12.5150585 138658
0.9267698328089891 0.9299114254625788 0.9283425843065244 12.463019 135120
0.9299114254625788 0.9330530181161686 0.9314859895055693 12.297472 140466
0.9330530181161686 0.9361946107697584 0.9346283366196472 12.299955 136792
0.9361946107697584 0.9393362034233482 0.9377861698692788 12.172597 143398
0.9393362034233482 0.942477796076938 0.940939836045116 12.096902 138700
0.942477796076938 0.9456193887305278 0.944077839572877 12.024307 144134
0.9456193887305278 0.9487609813841176 0.9472005755946651 12.066466 138336
0.9487609813841176 0.9519025740377074 0.9503294151101048 11.945812 146834
0.9519025740377074 0.9550441666912972 0.9534669390961004 11.907373 141728
0.9550441666912972 0.9581857593448869 0.956606244469865 11.696378 148158
0.9581857593448869 0.9613273519984767 0.9597434871001728 11.737399 143524
0.9613273519984767 0.9644689446520666 0.9628876948129108 11.612743 150950
0.9644689446520666 0.9676105373056564 0.9660471614071434 11.558827 147072
0.9676105373056564 0.9707521299592461 0.9692060324063246 11.554971 152426
0.9707521299592461 0.9738937226128359 0.9723398969115616 11.53955 146696
0.9738937226128359 0.9770353152664257 0.9754558209772429 11.364197 153262
0.9770353152664257 0.9801769079200155 0.9786015289242723 11.349711 150404
0.9801769079200155 0.9833185005736053 0.9817443821256789 11.242037 155454
0.9833185005736053 0.9864600932271951 0.9848716955028272 11.271937 151340
0.9864600932271951 0.9896016858807849 0.988023290324527 11.124198 159454
0.9896016858807849 0.9927432785343747 0.9911707299383861 11.119437 152416
0.9927432785343747 0.9958848711879644 0.9943053978668384 11.102206 160666
0.9958848711879644 0.9990264638415542 0.9974482946313091 10.962133 155680
0.9990264638415542 1.002168056495144 1.0005774856651115 10.919672 160366
1.002168056495144 1.0053096491487339 1.003716277252107 10.876961 158940
1.0053096491487339 1.0084512418023237 1.0068616637711973 10.774337 163278
1.0084512418023237 1.0115928344559135 1.0099937754148218 10.730666 159568
1.0115928344559135 1.0147344271095033 1.0131667547517587 10.655969 168994
1.0147344271095033 1.017876019763093 1.0163183983058384 10.588351 159864
1.017876019763093 1.0210176124166828 1.0194384819395044 10.555558 168126
1.0210176124166828 1.0241592050702726 1.0225887550230541 10.5708275 164292
1.0241592050702726 1.0273007977238624 1.0257435435252227 10.455232 170990
1.0273007977238624 1.0304423903774522 1.028874481228334 10.336608 164128
1.0304423903774522 1.033583983031042 1.0319988731924448 10.371114 171842
1.033583983031042 1.0367255756846319 1.0351589910942407 10.298269 169752
1.0367255756846319 1.0398671683382217 1.0383146641833463 10.252837 174314
1.0398671683382217 1.0430087609918113 1.0414472423132897 10.175052 169128
1.0430087609918113 1.046150353645401 1.04456980076863 10.109181 174590
1.046150353645401 1.049291946298991 1.0477013394409471 10.086421 172748
1.049291946298991 1.0524335389525807 1.0508482357342928 10.031217 178750
1.0524335389525807 1.0555751316061706 1.053998644487823 9.977171 174584
1.0555751316061706 1.0587167242597604 1.0571405267955631 9.869495 179874
1.0587167242597604 1.0618583169133502 1.060266926936717 9.910883 175352
1.0618583169133502 1.06499990956694 1.0634070697516014 9.850642 183214
1.06499990956694 1.0681415022205296 1.0665609667676474 9.816065 179132
1.0681415022205296 1.0712830948741194 1.0697270224426927 9.705986 186990
1.0712830948741194 1.0744246875277093 1.0728645371535286 9.676249 178296
1.0744246875277093 1.077566280181299 1.0759968370743087 9.697438 187514
1.077566280181299 1.080707872834889 1.0791389729678555 9.592666 182280
1.080707872834889 1.0838494654884787 1.082275473487712 9.498653 189342
1.0838494654884787 1.0869910581420685 1.085418133348188 9.436992 184308
1.0869910581420685 1.0901326507956584 1.088561174544039 9.453366 191678
1.0901326507956584 1.0932742434492482 1.091707310902554 9.424044 187180
1.0932742434492482 1.0964158361028378 1.0948571877484037 9.347127 194990
1.0964158361028378 1.0995574287564276 1.0979995000623637 9.321352 187184
1.0995574287564276 1.1026990214100174 1.101115384596963 9.257156 194634
1.1026990214100174 1.1058406140636072 1.1042596776175402 9.242749 193056
1.1058406140636072 1.108982206717197 1.1074072163986801 9.185577 196518
1.108982206717197 1.1121237993707869 1.1105509216971214 9.128201 195148
1.1121237993707869 1.1152653920243767 1.1136904504852387 9.08047 198550
1.1152653920243767 1.1184069846779665 1.1168137274438483 9.02453 195136
1.1184069846779665 1.121548577331556 1.1199703786539776 9.001119 204322
1.121548577331556 1.124690169985146 1.1231064331074763 8.924308 195824
1.124690169985146 1.1278317626387357 1.126242362189613 8.92385 206398
1.1278317626387357 1.1309733552923256 1.1293957267266959 8.91377 199644
1.1309733552923256 1.1341149479459154 1.1325375225291887 8.888545 207278
1.1341149479459154 1.1372565405995052 1.1356809135964072 8.831138 202776
1.1372565405995052 1.140398133253095 1.1388322949053118 8.769388 210066
1.140398133253095 1.1435397259066848 1.1419635086618707 8.698401 202352
1.1435397259066848 1.1466813185602747 1.1450986797439813 8.680726 212994
1.1466813185602747 1.1498229112138643 1.1482380549354827 8.673058 205776
1.1498229112138643 1.152964503867454 1.1513852608177948 8.591142 215406
1.152964503867454 1.156106096521044 1.1545424157474904 8.583128 209732
1.156106096521044 1.1592476891746337 1.1576774457488315 8.506428 215286
1.1592476891746337 1.1623892818282235 1.1608166415239285 8.491307 211704
1.1623892818282235 1.1655308744818134 1.1639655534585593 8.456748 219434
1.1655308744818134 1.1686724671354032 1.1671126611420002 8.449778 213880
1.1686724671354032 1.171814059788993 1.1702503406010565 8.36272 220502
1.171814059788993 1.1749556524425826 1.173385930068471 8.373426 215100
1.1749556524425826 1.1780972450961724 1.176524982666997 8.28474 224414
1.1780972450961724 1.1812388377497622 1.1796820503784289 8.268988 219888
1.1812388377497622 1.184380430403352 1.1828307188378469 8.187887 224850
1.184380430403352 1.1875220230569419 1.1859505538834223 8.143752 218544
1.1875220230569419 1.1906636157105317 1.1890919811584342 8.17098 230366
1.1906636157105317 1.1938052083641215 1.1922398244389947 8.1188 222132
1.1938052083641215 1.1969468010177113 1.1953625115497033 8.077036 228486
1.1969468010177113 1.200088393671301 1.1984884178323716 8.049414 225260
1.200088393671301 1.2032299863248908 1.2016370199604582 7.9801416 234294
1.2032299863248908 1.2063715789784806 1.2047997184253263 7.962905 229464
1.2063715789784806 1.2095131716320704 1.2079412509638092 7.987233 233642
1.2095131716320704 1.2126547642856602 1.211061958575435 7.8988686 229424
1.2126547642856602 1.21579635693925 1.214198052286092 7.820533 237670
1.21579635693925 1.2189379495928399 1.2173560347645844 7.852477 234764
1.2189379495928399 1.2220795422464297 1.2205081279485643 7.830457 240174
1.2220795422464297 1.2252211349000195 1.223647019273338 7.779694 235080
1.2252211349000195 1.228362727553609 1.2267882434683994 7.7579107 242106
1.228362727553609 1.231504320207199 1.229932336813352 7.7572737 238520
1.231504320207199 1.2346459128607887 1.233082497502379 7.6646557 246150
1.2346459128607887 1.2377875055143785 1.236228314481738 7.6293755 239548
1.2377875055143785 1.2409290981679684 1.239366854352841 7.6167483 247462
1.2409290981679684 1.2440706908215582 1.2424916960917893 7.571923 240428
1.2440706908215582 1.247212283475148 1.2456380430858507 7.549824 252886
1.247212283475148 1.2503538761287378 1.2487890816341236 7.4850783 243328
1.2503538761287378 1.2534954687823274 1.2519216820487549 7.4757404 252994
1.2534954687823274 1.2566370614359172 1.255058073334653 7.42916 246768
1.2566370614359172 1.259778654089507 1.2581962859321183 7.4528995 254934
1.259778654089507 1.2629202467430969 1.2613357777631864 7.3827114 249860
1.2629202467430969 1.2660618393966867 1.2644796813962103 7.361636 258702
1.2660618393966867 1.2692034320502765 1.2676272754349318 7.370331 252416
1.2692034320502765 1.2723450247038663 1.2707818892140885 7.3105884 261826
1.2723450247038663 1.2754866173574562 1.2739214664857648 7.2762585 253384
1.2754866173574562 1.278628210011046 1.2770507675351932 7.2419095 262774
1.278628210011046 1.2817698026646356 1.2801995943154127 7.2244506 258396
1.2817698026646356 1.2849113953182254 1.2833391767444735 7.1657577 264206
1.2849113953182254 1.2880529879718152 1.2864661865552414 7.16781 259432
1.2880529879718152 1.291194580625405 1.2896225189639552 7.12144 271226
1.291194580625405 1.2943361732789949 1.2927868054417238 7.1182814 262536
1.2943361732789949 1.2974777659325847 1.2959061758219284 7.070881 267506
1.2974777659325847 1.3006193585861745 1.2990489104237373 7.071893 268544
1.3006193585861745 1.3037609512397643 1.3021964137157824 7.034357 270334
1.3037609512397643 1.306902543893354 1.3053233747348347 7.0100117 268580
1.306902543893354 1.3100441365469437 1.308465592902793 6.959617 275550
1.3100441365469437 1.3131857292005336 1.3116032974224405 6.94031 269872
1.3131857292005336 1.3163273218541234 1.3147602820730901 6.912959 281234
1.3163273218541234 1.3194689145077132 1.3179044497550834 6.8977046 271440
1.3194689145077132 1.322610507161303 1.3210448971205733 6.849773 282542
1.322610507161303 1.3257520998148928 1.3241899310873562 6.8348846 274300
1.3257520998148928 1.3288936924684827 1.3273245169321113 6.810714 283942
1.3288936924684827 1.3320352851220723 1.3304564422582827 6.804865 276792
1.3320352851220723 1.335176877775662 1.3335970254338896 6.7355566 287754
1.335176877775662 1.338318470429252 1.3367423747424911 6.732879 280232
1.338318470429252 1.3414600630828417 1.3398834206785024 6.7052546 290262
1.3414600630828417 1.3446016557364315 1.3430376663739378 6.6899037 284564
1.3446016557364315 1.3477432483900214 1.3461882295987302 6.6757054 292198
1.3477432483900214 1.3508848410436112 1.3493213021371417 6.62616 284796
1.3508848410436112 1.354026433697201 1.3524468812648418 6.6124864 293438
1.354026433697201 1.3571680263507908 1.3555885223886928 6.5546594 289280
1.3571680263507908 1.3603096190043804 1.3587243271221061 6.535033 296386
1.3603096190043804 1.3634512116579702 1.3618655934069812 6.5197806 293080
1.3634512116579702 1.36659280431156 1.3650245814952569 6.507019 301366
1.36659280431156 1.3697343969651499 1.3681609529543988 6.472585 291948
1.3697343969651499 1.3728759896187397 1.3712906470817432 6.46685 303302
1.3728759896187397 1.3760175822723295 1.3744440781783869 6.4476132 298912
1.3760175822723295 1.3791591749259193 1.377591125348322 6.405477 304490
1.3791591749259193 1.3823007675795091 1.3807202157769116 6.386499 298904
1.3823007675795091 1.3854423602330987 1.3838579303841345 6.3852 308478
1.3854423602330987 1.3885839528866886 1.3869974200527608 6.3357544 302100
1.3885839528866886 1.3917255455402784 1.3901570223354842 6.3589892 314910
1.3917255455402784 1.3948671381938682 1.3933030346754267 6.29285 302952
1.3948671381938682 1.398008730847458 1.3964327138133663 6.279673 313826
1.398008730847458 1.4011503235010478 1.3995747635816973 6.2679577 307976
1.4011503235010478 1.4042919161546377 1.4027134642579846 6.2367587 316770
1.4042919161546377 1.4074335088082275 1.405855909713975 6.2036834 311544
1.4074335088082275 1.4105751014618173 1.408988076474845 6.1943974 316518
1.4105751014618173 1.413716694115407 1.4121262156012555 6.1679955 315660
1.413716694115407 1.4168582867689967 1.4152796718926908 6.126299 323750
1.4168582867689967 1.4199998794225865 1.4184304557814609 6.12629 316856
1.4199998794225865 1.4231414720761764 1.4215791601665824 6.073196 326098
1.4231414720761764 1.4262830647297662 1.4247101090679068 6.0688243 316768
1.4262830647297662 1.429424657383356 1.4278437705387061 6.071491 329206
1.429424657383356 1.4325662500369458 1.4309944284045875 6.0356717 322876
1.4325662500369458 1.4357078426905356 1.434137242663864 6.0033555 330614
1.4357078426905356 1.4388494353441252 1.4372720270081218 5.9945803 324296
1.4388494353441252 1.441991027997715 1.4404238798389937 5.9499774 336450
1.441991027997715 1.4451326206513049 1.4435749225500987 5.9546566 327320
1.4451326206513049 1.4482742133048947 1.4467130677116484 5.9409485 337326
1.4482742133048947 1.4514158059584845 1.449846423014588 5.9331403 328564
1.4514158059584845 1.4545573986120743 1.4529750101193601 5.904735 338726
1.4545573986120743 1.4576989912656642 1.456117385808767 5.8765483 335092
1.4576989912656642 1.460840583919254 1.459269733590765 5.83622 343942
1.460840583919254 1.4639821765728436 1.462411343751034 5.8260937 335040
1.4639821765728436 1.4671237692264334 1.4655577168349785 5.8085184 347682
1.4671237692264334 1.4702653618800232 1.4687038877528005 5.7936893 339112
1.4702653618800232 1.473406954533613 1.4718593710897059 5.7806163 352126
1.473406954533613 1.4765485471872029 1.474997081326178 5.7372847 337468
1.4765485471872029 1.4796901398407927 1.4781113661031364 5.7548037 351134
1.4796901398407927 1.4828317324943825 1.4812541461989663 5.6989555 346064
1.4828317324943825 1.4859733251479723 1.4844019389376657 5.7034163 354762
1.4859733251479723 1.4891149178015621 1.4875518239043077 5.6635566 349832
1.4891149178015621 1.4922565104551517 1.4906899327788472 5.654086 355830
1.4922565104551517 1.4953981031087415 1.4938216164642097 5.662662 350284
1.4953981031087415 1.4985396957623314 1.4969564745675854 5.6039076 359798
1.4985396957623314 1.5016812884159212 1.5000840077496784 5.589673 352704
1.5016812884159212 1.504822881069511 1.503233280526201 5.5727596 366458
1.504822881069511 1.5079644737231008 1.506384950145179 5.581357 356496
1.5079644737231008 1.5111060663766906 1.5095212104074291 5.560617 365754
1.5111060663766906 1.5142476590302805 1.5126612645848478 5.5468755 361344
1.5142476590302805 1.51738925168387 1.515811825824289 5.5273104 370166
1.51738925168387 1.5205308443374599 1.5189545745603845 5.5017796 362740
1.5205308443374599 1.5236724369910497 1.5220958859758205 5.4837523 373702
1.5236724369910497 1.5268140296446395 1.5252413315077002 5.4478354 366000
1.5268140296446395 1.5299556222982293 1.5283784307229713 5.4601274 374898
1.5299556222982293 1.5330972149518192 1.531522396470659 5.432621 370856
1.5330972149518192 1.536238807605409 1.5346709243882788 5.410791 379302
1.536238807605409 1.5393804002589988 1.5378242214414077 5.387245 373884
1.5393804002589988 1.5425219929125886 1.5409677511960511 5.3661227 380982
1.5425219929125886 1.5456635855661782 1.5440950594695821 5.3443503 373736
1.5456635855661782 1.548805178219768 1.547239369580722 5.3439364 387090
1.548805178219768 1.5519467708733579 1.5503777422675094 5.3111315 375144
1.5519467708733579 1.5550883635269477 1.5535058101236288 5.3183413 388890
1.5550883635269477 1.5582299561805375 1.5566607121280656 5.2899547 384120
1.5582299561805375 1.5613715488341273 1.5598078384465235 5.2788906 389726
1.5613715488341273 1.5645131414877171 1.562942239434785 5.2460747 384692
1.5645131414877171 1.567654734141307 1.5660857067233032 5.2428813 395022
1.567654734141307 1.5707963267948966 1.5692231521201085 5.2058425 385872
1.5707963267948966 1.5739379194484864 1.5723604414209809 5.206468 398442
1.5739379194484864 1.5770795121020762 1.5755011542637603 5.188962 390480
1.5770795121020762 1.580221104755666 1.578643712044199 5.1844187 400862
1.580221104755666 1.5833626974092558 1.5817893299411485 5.1537466 395044
1.5833626974092558 1.5865042900628457 1.5849363683336897 5.142107 404414
1.5865042900628457 1.5896458827164355 1.5880767162860983 5.12135 396952
1.5896458827164355 1.5927874753700253 1.5912225369503046 5.111075 408010
1.5927874753700253 1.595929068023615 1.594354128122977 5.0948696 396624
1.595929068023615 1.5990706606772047 1.59748832544957 5.0683246 412926
1.5990706606772047 1.6022122533307945 1.600641161909086 5.0516663 403620
1.6022122533307945 1.6053538459843844 1.6037694630996466 5.029426 409838
1.6053538459843844 1.6084954386379742 1.6069121799965407 5.043916 410700
1.6084954386379742 1.611637031291564 1.6100657480686624 5.02518 416702
1.611637031291564 1.6147786239451538 1.6132081995900927 5.022 409632
1.6147786239451538 1.6179202165987436 1.616344058572295 5.0015073 418986
1.6179202165987436 1.6210618092523335 1.61948194038912 4.9839745 413736
1.6210618092523335 1.624203401905923 1.6226286385128739 4.9601684 423182
1.624203401905923 1.6273449945595129 1.6257687370121878 4.9512978 416468
1.6273449945595129 1.6304865872131027 1.6289089471170717 4.917515 426406
1.6304865872131027 1.6336281798666925 1.6320489238196016 4.9060235 419400
1.6336281798666925 1.6367697725202823 1.6351918849890612 4.888089 429938
1.6367697725202823 1.6399113651738721 1.638334991430879 4.8875327 423440
1.6399113651738721 1.643052957827462 1.6414845700037015 4.8751893 435502
1.643052957827462 1.6461945504810518 1.6446285860891088 4.8516674 423876
1.6461945504810518 1.6493361431346414 1.647766369798092 4.86663 437102
1.6493361431346414 1.6524777357882312 1.6508963054517598 4.82505 426328
1.6524777357882312 1.655619328441821 1.654035206227712 4.822797 442018
1.655619328441821 1.6587609210954108 1.6571860566204513 4.8050823 432976
1.6587609210954108 1.6619025137490007 1.6603257023408249 4.783961 442178
1.6619025137490007 1.6650441064025905 1.6634624748840945 4.7824535 436048
1.6650441064025905 1.6681856990561803 1.6666185231716977 4.7500134 450166
1.6681856990561803 1.6713272917097701 1.6697725768582448 4.7475314 438876
1.6713272917097701 1.6744688843633597 1.6729045326058254 4.755034 448470
1.6744688843633597 1.6776104770169495 1.6760333853241676 4.7235136 439472
1.6776104770169495 1.6807520696705394 1.6791726553651012 4.700774 455514
1.6807520696705394 1.6838936623241292 1.682313607009907 4.6738024 444080
1.6838936623241292 1.687035254977719 1.6854553152926033 4.6847224 458694
1.687035254977719 1.6901768476313088 1.688605573255709 4.6658826 449468
1.6901768476313088 1.6933184402848986 1.6917574745163435 4.65347 462646
1.6933184402848986 1.6964600329384885 1.6949029531086903 4.6406264 451888
1.6964600329384885 1.6996016255920783 1.6980432612079597 4.6153283 463138
1.6996016255920783 1.7027432182456679 1.7011674843615312 4.60838 451288
1.7027432182456679 1.7058848108992577 1.7042992260321155 4.6001854 468854
1.7058848108992577 1.7090264035528475 1.7074541753195407 4.5892024 461500
1.7090264035528475 1.7121679962064373 1.7105964437194288 4.56305 468262
1.7121679962064373 1.7153095888600272 1.713735722393309 4.546075 464092
1.7153095888600272 1.718451181513617 1.7168787797099212 4.539442 473606
1.718451181513617 1.7215927741672068 1.7200276815641138 4.5526752 467672
1.7215927741672068 1.7247343668207966 1.7231731520147922 4.5513296 477090
1.7247343668207966 1.7278759594743862 1.726303735881521 4.5111527 467016
1.7278759594743862 1.731017552127976 1.7294398939841247 4.5024557 481238
1.731017552127976 1.7341591447815659 1.732583575852632 4.477479 472724
1.7341591447815659 1.7373007374351557 1.7357217708636306 4.480677 484078
1.7373007374351557 1.7404423300887455 1.7388707010052638 4.466169 479304
1.7404423300887455 1.7435839227423353 1.7420257575736127 4.440827 488354
1.7435839227423353 1.7467255153959251 1.7451565452194036 4.446554 476016
1.7467255153959251 1.749867108049515 1.7482913266631195 4.4114685 493686
1.749867108049515 1.7530087007031048 1.7514405307549041 4.414118 482772
1.7530087007031048 1.7561502933566944 1.7545687966179329 4.4025736 491318
1.7561502933566944 1.7592918860102842 1.7577058420676017 4.3883743 489368
1.7592918860102842 1.762433478663874 1.760859955810247 4.361008 499114
1.762433478663874 1.7655750713174638 1.7639998119201215 4.37477 489176
1.7655750713174638 1.7687166639710536 1.7671403299919233 4.347233 502818
1.7687166639710536 1.7718582566246435 1.7702832355259734 4.319327 494096
1.7718582566246435 1.7749998492782333 1.7734328110045046 4.3346114 506934
1.7749998492782333 1.778141441931823 1.7765725919356643 4.301155 495276
1.778141441931823 1.7812830345854127 1.7797089173707972 4.3042808 510174
1.7812830345854127 1.7844246272390025 1.7828568115757484 4.2834196 501384
1.7844246272390025 1.7875662198925923 1.7859995263394175 4.285011 512354
1.7875662198925923 1.7907078125461822 1.7891350873562233 4.2754292 502744
1.7907078125461822 1.793849405199772 1.7922775415219363 4.2572827 518966
1.793849405199772 1.7969909978533618 1.7954303556003155 4.252428 508364
1.7969909978533618 1.8001325905069516 1.7985578838312857 4.257295 515262
1.8001325905069516 1.8032741831605414 1.801690580525841 4.2312636 513616
1.8032741831605414 1.806415775814131 1.8048367618046393 4.221421 522218
1.806415775814131 1.8095573684677209 1.8079793492389769 4.211792 516800
1.8095573684677209 1.8126989611213107 1.8111152916633033 4.193156 523986
1.8126989611213107 1.8158405537749005 1.814247816480695 4.190882 519128
1.8158405537749005 1.8189821464284903 1.8174032473903914 4.1747856 534078
1.8189821464284903 1.8221237390820801 1.820550051458815 4.1784697 521532
1.8221237390820801 1.82526533173567 1.8236905571147506 4.152606 535470
1.82526533173567 1.8284069243892598 1.826840003193704 4.1549287 526952
1.8284069243892598 1.8315485170428496 1.8299808204559442 4.1268196 536946
1.8315485170428496 1.8346901096964392 1.8331143714454596 4.122901 528392
1.8346901096964392 1.837831702350029 1.8362609209245164 4.1215863 544390
1.837831702350029 1.8409732950036188 1.8394037241838983 4.1005754 530964
1.8409732950036188 1.8441148876572087 1.842544660099005 4.0977383 547862
1.8441148876572087 1.8472564803107985 1.8456926649496341 4.077486 537232
1.8472564803107985 1.8503980729643883 1.8488396646371756 4.0686884 550690
1.8503980729643883 1.8535396656179781 1.8519758569152094 4.0642056 537512
1.8535396656179781 1.856681258271568 1.8551086085421042 4.0397983 552982
1.856681258271568 1.8598228509251575 1.8582524973404653 4.035434 544644
1.8598228509251575 1.8629644435787474 1.8613952501654374 4.0258536 556718
1.8629644435787474 1.8661060362323372 1.8645313174803315 4.0124073 546148
1.8661060362323372 1.869247628885927 1.867674585118932 4.0064883 563654
1.869247628885927 1.8723892215395168 1.8708244292969558 3.9862182 550432
1.8723892215395168 1.8755308141931066 1.873960891682203 3.9910355 564082
1.8755308141931066 1.8786724068466965 1.8771014457577715 3.9748652 556192
1.8786724068466965 1.8818139995002863 1.8802469244663873 3.9673796 567734
1.8818139995002863 1.884955592153876 1.8833863781297016 3.9620423 558564
1.884955592153876 1.8880971848074657 1.8865142392752248 3.9565575 567422
1.8880971848074657 1.8912387774610555 1.8896518045342123 3.9389756 566096
1.8912387774610555 1.8943803701146453 1.8928081970729225 3.9432054 577458
1.8943803701146453 1.8975219627682351 1.8959428455650083 3.9221168 562936
1.8975219627682351 1.900663555421825 1.8990798558522133 3.9101944 581774
1.900663555421825 1.9038051480754148 1.9022363457984643 3.8851175 572740
1.9038051480754148 1.9069467407290046 1.90537871176261 3.884036 581278
1.9069467407290046 1.9100883333825944 1.9085128567334775 3.888625 574040
1.9100883333825944 1.913229926036184 1.9116510356940841 3.874699 585922
1.913229926036184 1.9163715186897738 1.9147896094751853 3.8667917 577160
1.9163715186897738 1.9195131113433637 1.917935292863774 3.8584805 593826
1.9195131113433637 1.9226547039969535 1.9210826087425596 3.852535 582184
1.9226547039969535 1.9257962966505433 1.9242304579356584 3.8331304 595958
1.9257962966505433 1.9289378893041331 1.9273656927875713 3.8332636 582028
1.9289378893041331 1.932079481957723 1.9305010724547969 3.8207605 600646
1.932079481957723 1.9352210746113128 1.9336553476893883 3.805439 591744
1.9352210746113128 1.9383626672649024 1.9367944681078895 3.8063922 599258
1.9383626672649024 1.9415042599184922 1.9399169673600123 3.783362 590136
1.9415042599184922 1.944645852572082 1.9430615083412353 3.7773938 610302
1.944645852572082 1.9477874452256718 1.946211958388254 3.7652793 596756
1.9477874452256718 1.9509290378792616 1.9493539131387476 3.766648 611406
1.9509290378792616 1.9540706305328515 1.9524928478087076 3.7591777 599384
1.9540706305328515 1.9572122231864413 1.9556360010402534 3.753298 615874
1.9572122231864413 1.960353815840031 1.9587827691219786 3.729965 605576
1.960353815840031 1.963495408493621 1.961925316223532 3.721361 618558
1.963495408493621 1.9666370011472105 1.9650644554642955 3.7192116 607556
1.9666370011472105 1.9697785938008003 1.9682013812572765 3.7043324 621166
1.9697785938008003 1.9729201864543902 1.971340892515238 3.69237 613396
1.9729201864543902 1.97606177910798 1.9744916511312414 3.7083478 629758
1.97606177910798 1.9792033717615698 1.9776480639056975 3.6835446 618136
1.9792033717615698 1.9823449644151596 1.9807850264581417 3.669439 627298
1.9823449644151596 1.9854865570687494 1.9839203141167367 3.6676545 621176
1.9854865570687494 1.9886281497223393 1.9870625756785412 3.6654613 633982
1.9886281497223393 1.9917697423759289 1.9902009657033808 3.6539464 623084
1.9917697423759289 1.9949113350295187 1.9933229219443986 3.6453311 632526
1.9949113350295187 1.9980529276831085 1.9964661506451442 3.6353664 634720
1.9980529276831085 2.0011945203366985 1.999626808651797 3.625583 642842
2.0011945203366985 2.004336112990288 2.0027639700391062 3.6015983 630832
2.004336112990288 2.0074777056438777 2.005893653915189 3.6087623 643582
2.0074777056438777 2.0106192982974678 2.0090367427716562 3.5984118 639204
2.0106192982974678 2.0137608909510574 2.0121775605031313 3.5898085 646790
2.0137608909510574 2.0169024836046474 2.0153114166743675 3.578324 641976
2.0169024836046474 2.020044076258237 2.018465475272705 3.5696995 657594
2.020044076258237 2.023185668911827 2.0216107648574035 3.575384 642328
2.023185668911827 2.0263272615654166 2.0247502703216176 3.5478032 659794
2.0263272615654166 2.0294688542190067 2.0279022891333196 3.5556307 651672
2.0294688542190067 2.0326104468725963 2.0310451618888874 3.5563707 659694
2.0326104468725963 2.035752039526186 2.034181038822744 3.531142 653396
2.035752039526186 2.038893632179776 2.037322196614071 3.5386267 665790
2.038893632179776 2.0420352248333655 2.040454720755128 3.5104816 653496
2.0420352248333655 2.0451768174869556 2.043597355832269 3.5128732 673938
2.0451768174869556 2.048318410140545 2.0467449212732145 3.4977796 660096
2.048318410140545 2.051460002794135 2.0498900809225726 3.4937034 677198
2.051460002794135 2.054601595447725 2.0530346002568507 3.4737613 662772
2.054601595447725 2.0577431881013144 2.0561727558683467 3.4817636 679958
2.0577431881013144 2.0608847807549044 2.059314679453972 3.476279 668584
2.0608847807549044 2.064026373408494 2.0624534258284863 3.4743643 681986
2.064026373408494 2.067167966062084 2.0655993648160216 3.4665804 675504
2.067167966062084 2.0703095587156737 2.0687453479133353 3.4608765 687086
2.0703095587156737 2.0734511513692637 2.071889658739803 3.4472814 678148
2.0734511513692637 2.0765927440228533 2.075035405988497 3.4478562 691550
2.0765927440228533 2.0797343366764434 2.0781781304182374 3.4142928 682292
2.0797343366764434 2.082875929330033 2.0813156947957663 3.4202585 692622
2.082875929330033 2.0860175219836226 2.0844451008557225 3.4021964 683016
2.0860175219836226 2.0891591146372126 2.087583264561552 3.4179685 700554
2.0891591146372126 2.092300707290802 2.090717915503185 3.388708 686312
2.092300707290802 2.0954422999443922 2.093865006089267 3.3907225 709062
2.0954422999443922 2.098583892597982 2.0970190474128145 3.387593 693284
2.098583892597982 2.101725485251572 2.100148374307254 3.3717504 703710
2.101725485251572 2.1048670779051615 2.1032791499101458 3.3711176 697824
2.1048670779051615 2.1080086705587515 2.106424443811724 3.3649468 713706
2.1080086705587515 2.111150263212341 2.109572128471822 3.3453228 703328
2.111150263212341 2.1142918558659307 2.112709338850591 3.3377197 714246
2.1142918558659307 2.1174334485195208 2.1158508833351157 3.337937 708412
2.1174334485195208 2.1205750411731104 2.1189976503529007 3.329261 720422
2.1205750411731104 2.1237166338267004 2.1221352809700673 3.3263512 709756
2.1237166338267004 2.12685822648029 2.125285240607365 3.3186424 729262
2.12685822648029 2.12999981913388 2.1284359813922222 3.3179603 714400
2.12999981913388 2.1331414117874696 2.1315688718517594 3.3128488 726298
2.1331414117874696 2.1362830044410592 2.1347035597631696 3.3026357 719568
2.1362830044410592 2.1394245970946493 2.137849512418387 3.2943456 734070
2.1394245970946493 2.142566189748239 2.140994389382356 3.2937596 724572
2.142566189748239 2.145707782401829 2.1441389731172684 3.2825077 738854
2.145707782401829 2.1488493750554185 2.1472819764974225 3.263327 726744
2.1488493750554185 2.1519909677090086 2.150427081904402 3.2553794 744306
2.1519909677090086 2.155132560362598 2.1535598704632384 3.254707 725984
2.155132560362598 2.158274153016188 2.1566969739308286 3.2573512 750654
2.158274153016188 2.161415745669778 2.1598507124077044 3.2374046 737508
2.161415745669778 2.1645573383233674 2.1629867117917145 3.2352295 746958
2.1645573383233674 2.1676989309769574 2.166119797132257 3.228434 740880
2.1676989309769574 2.170840523630547 2.1692738282931887 3.222066 760274
2.170840523630547 2.173982116284137 2.1724251353585537 3.2051837 743904
2.173982116284137 2.1771237089377267 2.1755591063035453 3.212648 757802
2.1771237089377267 2.1802653015913167 2.178696802009876 3.2045848 748776
2.1802653015913167 2.1834068942449063 2.181836286537925 3.2063313 762726
2.1834068942449063 2.1865484868984963 2.1849723550054745 3.1918206 752260
2.1865484868984963 2.189690079552086 2.1881081898456864 3.1888583 767974
2.189690079552086 2.1928316722056755 2.19125396620812 3.1824398 759152
2.1928316722056755 2.1959732648592656 2.1944057801862153 3.169346 775858
2.1959732648592656 2.199114857512855 2.1975464960742457 3.1736078 760280
2.199114857512855 2.2022564501664452 2.2006979191713403 3.153613 783078
2.2022564501664452 2.205398042820035 2.203837074186094 3.1593337 759452
2.205398042820035 2.208539635473625 2.206953460824582 3.1418004 776302
2.208539635473625 2.2116812281272145 2.2100931073908976 3.145386 775568
2.2116812281272145 2.2148228207808045 2.2132513027639376 3.138011 789234
2.2148228207808045 2.217964413434394 2.216393246757702 3.1215131 772600
2.217964413434394 2.2211060060879837 2.2195277971120917 3.1159015 790438
2.2211060060879837 2.2242475987415737 2.2226783627768025 3.1232533 783452
2.2242475987415737 2.2273891913951633 2.2258268834427217 3.1053483 794974
2.2273891913951633 2.2305307840487534 2.228960835638269 3.1117597 780764
2.2305307840487534 2.233672376702343 2.2320975760504984 3.0933125 800718
2.233672376702343 2.236813969355933 2.2352469771443357 3.0942836 790360
2.236813969355933 2.2399555620095226 2.2383874594944686 3.0838678 801890
2.2399555620095226 2.243097154663112 2.241520715192195 3.0729692 791872
2.243097154663112 2.2462387473167023 2.244664571195234 3.0782151 810358
2.2462387473167023 2.249380339970292 2.2478098130094923 3.0643036 797180
2.249380339970292 2.252521932623882 2.2509386638828937 3.0623467 807574
2.252521932623882 2.2556635252774715 2.254077622267303 3.0509005 805888
2.2556635252774715 2.2588051179310615 2.2572279490247507 3.04246 817570
2.2588051179310615 2.261946710584651 2.26036446029799 3.0450091 804408
2.261946710584651 2.265088303238241 2.2634992724324112 3.0381145 820502
2.265088303238241 2.2682298958918308 2.2666489767735296 3.0263214 816620
2.2682298958918308 2.2713714885454204 2.2698046804843006 3.0303862 828502
2.2713714885454204 2.2745130811990104 2.272936377406862 3.0270488 809408
2.2745130811990104 2.2776546738526 2.2760767170406067 3.0053122 835722
2.2776546738526 2.28079626650619 2.279232499333239 3.0098221 822928
2.28079626650619 2.2839378591597796 2.282373154979315 2.9974108 832778
2.2839378591597796 2.2870794518133697 2.2855060295400773 2.9987528 823424
2.2870794518133697 2.2902210444669593 2.288645975188578 2.993879 840078
2.2902210444669593 2.2933626371205493 2.291788422467057 2.9928186 829420
2.2933626371205493 2.296504229774139 2.294930137580084 2.972785 846094
2.296504229774139 2.2996458224277285 2.2980782972002833 2.9721792 835680
2.2996458224277285 2.3027874150813186 2.301224027340561 2.9661236 849618
2.3027874150813186 2.305929007734908 2.3043532585104938 2.962672 831904
2.305929007734908 2.309070600388498 2.3074888919667003 2.9516354 857662
2.309070600388498 2.312212193042088 2.3106399045131374 2.9413536 844092
2.312212193042088 2.315353785695678 2.3137743041369148 2.9350402 853758
2.315353785695678 2.3184953783492674 2.316912460506373 2.939033 851560
2.3184953783492674 2.321636971002857 2.3200695544778887 2.9313235 866986
2.321636971002857 2.324778563656447 2.323218622569823 2.9296222 852912
2.324778563656447 2.3279201563100367 2.3263573775092063 2.9195256 866910
2.3279201563100367 2.3310617489636267 2.3294956692347792 2.9170237 855692
2.3310617489636267 2.3342033416172163 2.3326328815545967 2.9111905 870894
2.3342033416172163 2.3373449342708064 2.33576812530908 2.904101 860308
2.3373449342708064 2.340486526924396 2.3389092173745203 2.903711 878878
2.340486526924396 2.343628119577986 2.342055847827638 2.899781 867024
2.343628119577986 2.3467697122315756 2.345203322003309 2.8942797 884514
2.3467697122315756 2.349911304885165 2.3483439814380653 2.8763325 868584
2.349911304885165 2.3530528975387552 2.351486980139624 2.885685 889478
2.3530528975387552 2.356194490192345 2.3546305645945687 2.8712459 874012
2.356194490192345 2.359336082845935 2.3577638984749214 2.861811 888998
2.359336082845935 2.3624776754995245 2.3609043661303866 2.8641927 882296
2.3624776754995245 2.3656192681531145 2.3640508990132565 2.860361 896346
2.3656192681531145 2.368760860806704 2.367185303906658 2.8577006 880872
2.368760860806704 2.371902453460294 2.37032923292924 2.8517933 907710
2.371902453460294 2.3750440461138838 2.373480909995812 2.8372812 887676
2.3750440461138838 2.3781856387674734 2.376621535956864 2.8348382 907070
2.3781856387674734 2.3813272314210634 2.379756726180457 2.831196 890544
2.3813272314210634 2.384468824074653 2.382895351000405 2.8256118 912746
2.384468824074653 2.387610416728243 2.3860405963940874 2.8203127 898584
2.387610416728243 2.3907520093818326 2.389175855959793 2.818064 912474
2.3907520093818326 2.3938936020354227 2.392316848289123 2.8059072 907424
2.3938936020354227 2.3970351946890123 2.395468325810887 2.8096867 920934
2.3970351946890123 2.400176787342602 2.398600766855461 2.8069527 903108
2.400176787342602 2.403318379996192 2.4017371688792752 2.7906365 928254
2.403318379996192 2.4064599726497815 2.404882678430584 2.791438 911976
2.4064599726497815 2.4096015653033716 2.408022567714301 2.7876353 930482
2.4096015653033716 2.412743157956961 2.411166877318231 2.7715886 919608
2.412743157956961 2.415884750610551 2.414297400302415 2.7710636 927390
2.415884750610551 2.419026343264141 2.4174417611427392 2.767924 930476
2.419026343264141 2.422167935917731 2.4205936475392344 2.7661488 938646
2.422167935917731 2.4253095285713204 2.4237395822773546 2.7553492 932288
2.4253095285713204 2.42845112122491 2.4268886935973035 2.7525587 944058
2.42845112122491 2.4315927138785 2.4300258843120055 2.744929 930016
2.4315927138785 2.4347343065320897 2.433162271740206 2.7475774 949490
2.4347343065320897 2.4378758991856797 2.4363036667830857 2.741314 937928
2.4378758991856797 2.4410174918392693 2.4394492640527083 2.738504 955398
2.4410174918392693 2.4441590844928593 2.442588538708778 2.7302825 940020
2.4441590844928593 2.447300677146449 2.4457300795913035 2.729515 961806
2.447300677146449 2.450442269800039 2.448880787353664 2.7254074 949088
2.450442269800039 2.4535838624536286 2.4520223082218897 2.7159548 962874
2.4535838624536286 2.456725455107218 2.455151759496457 2.709337 947104
2.456725455107218 2.4598670477608082 2.4582920751047195 2.7119014 972094
2.4598670477608082 2.463008640414398 2.4614384924277313 2.7058356 956988
2.463008640414398 2.466150233067988 2.4645782923471957 2.693543 973254
2.466150233067988 2.4692918257215775 2.467718263683707 2.695357 962264
2.4692918257215775 2.4724334183751675 2.470864479648327 2.6934404 980178
2.4724334183751675 2.475575011028757 2.474004949444763 2.6837962 964864
2.475575011028757 2.4787166036823467 2.4771464961796092 2.6771677 986870
2.4787166036823467 2.4818581963359367 2.480285013100889 2.669409 966348
2.4818581963359367 2.4849997889895263 2.483417911931986 2.678127 989054
2.4849997889895263 2.4881413816431164 2.4865627090924263 2.6640604 978884
2.4881413816431164 2.491282974296706 2.489705989650949 2.6570354 992974
2.491282974296706 2.494424566950296 2.492852902233063 2.6499598 984824
2.494424566950296 2.4975661596038856 2.4960005574477964 2.655574 1000074
2.4975661596038856 2.5007077522574757 2.499134356753692 2.6419156 981184
2.5007077522574757 2.5038493449110653 2.5022712849419118 2.6413934 1005238
2.5038493449110653 2.506990937564655 2.505415232422915 2.6368294 992132
2.506990937564655 2.510132530218245 2.5085481237597422 2.6330583 1004014
2.510132530218245 2.5132741228718345 2.511691008046918 2.6270623 1002000
2.5132741228718345 2.5164157155254245 2.5148444035115785 2.622836 1015106
2.5164157155254245 2.519557308179014 2.517982735753647 2.6196995 999224
2.519557308179014 2.522698900832604 2.5211237813468057 2.612986 1021414
2.522698900832604 2.5258404934861938 2.5242734347417053 2.6115196 1008716
2.5258404934861938 2.528982086139784 2.527412834012644 2.6107774 1020630
2.528982086139784 2.5321236787933734 2.5305467396222836 2.6077473 1011040
2.5321236787933734 2.535265271446963 2.533688741338391 2.5913568 1029962
2.535265271446963 2.538406864100553 2.536834995453854 2.5993621 1018504
2.538406864100553 2.5415484567541426 2.5399768156560345 2.5923371 1032946
2.5415484567541426 2.5446900494077327 2.543121864406898 2.5878034 1025720
2.5446900494077327 2.5478316420613223 2.546271792625627 2.5767052 1040166
2.5478316420613223 2.5509732347149123 2.5494119603792407 2.5705369 1025636
2.5509732347149123 2.554114827368502 2.5525419139542853 2.5767105 1038910
2.554114827368502 2.557256420022092 2.555679615924359 2.5687578 1033928
2.557256420022092 2.5603980126756816 2.5588232938115345 2.5676067 1048722
2.5603980126756816 2.563539605329271 2.561959257813805 2.5622675 1035168
2.563539605329271 2.566681197982861 2.565105059038133 2.552841 1060014
2.566681197982861 2.569822790636451 2.568256696954745 2.5521498 1042196
2.569822790636451 2.572964383290041 2.5713969650430033 2.543474 1059150
2.572964383290041 2.5761059759436304 2.574533469964362 2.5418952 1046128
2.5761059759436304 2.5792475685972205 2.5776812672254144 2.5385401 1069426
2.5792475685972205 2.58238916125081 2.5808223341312613 2.5312202 1047832
2.58238916125081 2.5855307539043997 2.583952669436699 2.5281389 1067822
2.5855307539043997 2.5886723465579897 2.5870991799079404 2.5217695 1062684
2.5886723465579897 2.5918139392115793 2.590253330505647 2.5199003 1078382
2.5918139392115793 2.5949555318651694 2.5933910386039125 2.5130324 1058396
2.5949555318651694 2.598097124518759 2.5965266171969 2.5124812 1081390
2.598097124518759 2.601238717172349 2.5996715772873857 2.5051243 1067992
2.601238717172349 2.6043803098259386 2.6028096736948125 2.5039907 1084210
2.6043803098259386 2.6075219024795286 2.6059433695129983 2.4982154 1070128
2.6075219024795286 2.6106634951331182 2.6090817602731833 2.496617 1090958
2.6106634951331182 2.613805087786708 2.612230026666349 2.490921 1082492
2.613805087786708 2.616946680440298 2.6153725720621703 2.4900248 1093566
2.616946680440298 2.6200882730938875 2.6185074163301696 2.482784 1082280
2.6200882730938875 2.6232298657474775 2.6216583393120887 2.477984 1108538
2.6232298657474775 2.626371458401067 2.624795927148866 2.479938 1079488
2.626371458401067 2.629513051054657 2.6279304515285857 2.4767606 1111670
2.629513051054657 2.6326546437082468 2.631079707369102 2.4640033 1093804
2.6326546437082468 2.635796236361837 2.6342207389275476 2.4602735 1111510
2.635796236361837 2.6389378290154264 2.6373579187311815 2.4589713 1097776
2.6389378290154264 2.642079421669016 2.640498683307731 2.4596736 1117778
2.642079421669016 2.645221014322606 2.6436430034034575 2.4586983 1105608
2.645221014322606 2.6483626069761956 2.6467876088870783 2.446735 1124954
2.6483626069761956 2.6515041996297857 2.649928378435238 2.4453106 1107544
2.6515041996297857 2.6546457922833753 2.6530744549378857 2.4413304 1132070
2.6546457922833753 2.6577873849369653 2.6562235456443135 2.4325702 1116572
2.6577873849369653 2.660928977590555 2.659360231485869 2.4323273 1129134
2.660928977590555 2.6640705702441445 2.662498270580766 2.4249768 1121616
2.6640705702441445 2.6672121628977346 2.665641361256779 2.4251719 1138058
2.6672121628977346 2.670353755551324 2.6687772317952057 2.4208398 1122864
2.670353755551324 2.673495348204914 2.671922363247196 2.4234664 1150350
2.673495348204914 2.676636940858504 2.6750746974534905 2.415305 1131548
2.676636940858504 2.679778533512094 2.6782130026098807 2.4122581 1147254
2.679778533512094 2.6829201261656834 2.6813512412162526 2.4009469 1136128
2.6829201261656834 2.6860617188192735 2.6844978050607216 2.4010165 1157906
2.6860617188192735 2.689203311472863 2.68764261366855 2.3965385 1140664
2.689203311472863 2.6923449041264527 2.690772847568409 2.3986294 1154278
2.6923449041264527 2.6954864967800427 2.693913118258196 2.3912492 1151924
2.6954864967800427 2.6986280894336323 2.6970617297628685 2.3863213 1165126
2.6986280894336323 2.7017696820872223 2.700199883064753 2.3878036 1151196
2.7017696820872223 2.704911274740812 2.7033398565222893 2.3783298 1171646
2.704911274740812 2.708052867394402 2.7064799075297676 2.3717787 1155472
2.708052867394402 2.7111944600479916 2.7096178701547924 2.3709197 1175338
2.7111944600479916 2.7143360527015816 2.7127562029851164 2.372008 1162952
2.7143360527015816 2.7174776453551712 2.715899476944191 2.3652546 1183006
2.7174776453551712 2.720619238008761 2.7190412278492655 2.3617418 1167852
2.720619238008761 2.723760830662351 2.72217895872663 2.361184 1185734
2.723760830662351 2.7269024233159405 2.725323584882603 2.351711 1178144
2.7269024233159405 2.7300440159695305 2.7284785472399546 2.3504536 1198066
2.7300440159695305 2.73318560862312 2.7316261190374247 2.3411593 1179088
2.73318560862312 2.73632720127671 2.734762277484421 2.3409474 1195414
2.73632720127671 2.7394687939302997 2.7378951289881805 2.340193 1180572
2.7394687939302997 2.7426103865838893 2.741034211948962 2.338204 1205774
2.7426103865838893 2.7457519792374794 2.74417553311085 2.3346953 1189356
2.7457519792374794 2.748893571891069 2.7473187648898376 2.3218613 1211958
2.748893571891069 2.752035164544659 2.750466580377882 2.324108 1197040
2.752035164544659 2.7551767571982486 2.753608694473199 2.3209963 1214410
2.7551767571982486 2.7583183498518387 2.7567447209897398 2.3207204 1198336
2.7583183498518387 2.7614599425054283 2.7598855283008383 2.3172038 1222382
2.7614599425054283 2.7646015351590183 2.7630317958729966 2.308392 1207772
2.7646015351590183 2.767743127812608 2.7661627279206384 2.3095949 1217982
2.767743127812608 2.7708847204661975 2.769302832613879 2.3049333 1218848
2.7708847204661975 2.7740263131197875 2.7724600861126465 2.3059142 1236370
2.7740263131197875 2.777167905773377 2.775601108824345 2.2991464 1214000
2.777167905773377 2.780309498426967 2.778737512802304 2.2942162 1236942
2.780309498426967 2.7834510910805568 2.781878604145924 2.2888172 1222188
2.7834510910805568 2.786592683734147 2.785021398920855 2.291799 1244942
2.786592683734147 2.7897342763877364 2.788158953625021 2.2859855 1225312
2.7897342763877364 2.7928758690413265 2.7912990690653148 2.280773 1249562
2.7928758690413265 2.796017461694916 2.7944417166676265 2.2768326 1232928
2.796017461694916 2.7991590543485056 2.7975838479732293 2.2746184 1257434
2.7991590543485056 2.8023006470020957 2.800730122133354 2.2744946 1240472
2.8023006470020957 2.8054422396556853 2.8038705994746573 2.2615948 1257670
2.8054422396556853 2.8085838323092753 2.8070118862665425 2.267257 1246956
2.8085838323092753 2.811725424962865 2.810147205079332 2.261215 1260134
2.811725424962865 2.814867017616455 2.813292138176775 2.2588542 1258512
2.814867017616455 2.8180086102700446 2.816438735642678 2.2531567 1267050
2.8180086102700446 2.8211502029236346 2.8195664410722237 2.2456617 1250592
2.8211502029236346 2.824291795577224 2.822711006411451 2.2454858 1284134
2.824291795577224 2.827433388230814 2.8258612366838465 2.2432923 1261524
2.827433388230814 2.830574980884404 2.8290084592614297 2.2357094 1288382
2.830574980884404 2.8337165735379934 2.8321493972472664 2.2373593 1262600
2.8337165735379934 2.8368581661915835 2.835286542110609 2.236422 1288474
2.8368581661915835 2.839999758845173 2.838429223061872 2.228408 1273760
2.839999758845173 2.843141351498763 2.8415728971593017 2.2301428 1296942
2.843141351498763 2.8462829441523527 2.844715839569679 2.2241008 1276300
2.8462829441523527 2.8494245368059423 2.8478538560981486 2.221592 1298342
2.8494245368059423 2.8525661294595324 2.850994039889108 2.217924 1285924
2.8525661294595324 2.855707722113122 2.85413978620407 2.2163744 1308142
2.855707722113122 2.858849314766712 2.857284122581925 2.2116742 1288960
2.858849314766712 2.8619909074203016 2.8604164855937055 2.2095833 1305842
2.8619909074203016 2.8651325000738916 2.8635546626401887 2.206381 1299024
2.8651325000738916 2.8682740927274812 2.86669658020048 2.2044392 1313006
2.8682740927274812 2.8714156853810713 2.8698416747290016 2.2000978 1308316
2.8714156853810713 2.874557278034661 2.8729858503951244 2.194539 1319638
2.874557278034661 2.8776988706882505 2.8761270627820315 2.1951962 1309704
2.8776988706882505 2.8808404633418405 2.8792746533413345 2.1904569 1330698
2.8808404633418405 2.88398205599543 2.882413321125769 2.183286 1309040
2.88398205599543 2.88712364864902 2.8855463894637827 2.1819248 1332414
2.88712364864902 2.8902652413026098 2.888691503201365 2.1777802 1322996
2.8902652413026098 2.8934068339562 2.891837672957616 2.1778076 1338838
2.8934068339562 2.8965484266097894 2.8949725277546983 2.1695976 1321976
2.8965484266097894 2.8996900192633794 2.898113425938071 2.1724324 1347162
2.8996900192633794 2.902831611916969 2.9012570777299667 2.1665485 1330336
2.902831611916969 2.9059732045705586 2.904400965905403 2.162476 1354522
2.9059732045705586 2.9091147972241487 2.9075380731978857 2.1635337 1330376
2.9091147972241487 2.9122563898777383 2.9106813220563845 2.155078 1363534
2.9122563898777383 2.9153979825313283 2.91382784883626 2.15263 1341100
2.9153979825313283 2.918539575184918 2.9169638264816027 2.1520886 1360582
2.918539575184918 2.921681167838508 2.920107100665905 2.1476932 1350608
2.921681167838508 2.9248227604920976 2.9232552217611367 2.1443236 1372090
2.9248227604920976 2.927964353145687 2.9263951768486374 2.1433 1350104
2.927964353145687 2.931105945799277 2.92953217269845 2.140227 1375158
2.931105945799277 2.934247538452867 2.932675950176085 2.1363647 1360980
2.934247538452867 2.937389131106457 2.9358199093593735 2.1327405 1381470
2.937389131106457 2.9405307237600464 2.9389581181793187 2.13169 1362880
2.9405307237600464 2.9436723164136365 2.942097268941132 2.1302872 1386970
2.9436723164136365 2.946813909067226 2.945240447560965 2.1273704 1371896
2.946813909067226 2.949955501720816 2.948380809714736 2.1236289 1392006
2.949955501720816 2.9530970943744057 2.9515257675604762 2.123734 1380628
2.9530970943744057 2.9562386870279953 2.9546709430245888 2.115952 1397870
2.9562386870279953 2.9593802796815853 2.9578089871910898 2.1142802 1381220
2.9593802796815853 2.962521872335175 2.9609460048016794 2.113001 1403310
2.962521872335175 2.965663464988765 2.964091881399533 2.1045637 1392960
2.965663464988765 2.9688050576423546 2.9672385000678037 2.1026664 1411146
2.9688050576423546 2.9719466502959446 2.9703778006737522 2.1035862 1394048
2.9719466502959446 2.9750882429495342 2.9735190512736276 2.097933 1415742
2.9750882429495342 2.9782298356031243 2.9766610005225305 2.0920465 1401356
2.9782298356031243 2.981371428256714 2.9798036851166088 2.0931437 1423702
2.981371428256714 2.9845130209103035 2.9829427384612304 2.089311 1403888
2.9845130209103035 2.9876546135638935 2.986084151313072 2.0854292 1430442
2.9876546135638935 2.990796206217483 2.9892287042566132 2.0816393 1413184
2.990796206217483 2.993937798871073 2.9923629588800367 2.082519 1428838
2.993937798871073 2.9970793915246627 2.9955036357056373 2.0775635 1422740
2.9970793915246627 3.000220984178253 2.9986515323903578 2.0713813 1442014
3.000220984178253 3.0033625768318424 3.00178808922673 2.0679305 1419384
3.0033625768318424 3.006504169485432 3.004922714410953 2.0659382 1444802
3.006504169485432 3.009645762139022 3.0080668534537494 2.0657754 1433912
3.009645762139022 3.0127873547926116 3.0112039441759224 2.0624712 1445626
3.0127873547926116 3.0159289474462017 3.0143430596404275 2.0617046 1442912
3.0159289474462017 3.0190705400997913 3.01749090069588 2.058411 1456542
3.0190705400997913 3.0222121327533813 3.020631042970298 2.0490634 1443068
3.0222121327533813 3.025353725406971 3.023767477443673 2.04845 1461190
3.025353725406971 3.028495318060561 3.026915226861357 2.047535 1457472
3.028495318060561 3.0316369107141505 3.0300698496002565 2.048628 1472762
3.0316369107141505 3.03477850336774 3.0332065113742908 2.0431552 1448472
3.03477850336774 3.03792009602133 3.036344706362632 2.0430386 1481054
3.03792009602133 3.0410616886749198 3.0394933658330965 2.0352337 1462252
3.0410616886749198 3.04420328132851 3.042633186732869 2.0361037 1480190
3.04420328132851 3.0473448739820994 3.045770938880047 2.0297406 1467080
3.0473448739820994 3.0504864666356895 3.048918983670058 2.028502 1493730
3.0504864666356895 3.053628059289279 3.0520607401806936 2.0290368 1468416
3.053628059289279 3.056769651942869 3.0551983836387815 2.0256937 1496538
3.056769651942869 3.0599112445964587 3.0583371312393086 2.0224297 1474872
3.0599112445964587 3.0630528372500483 3.0614805669689353 2.016806 1506038
3.0630528372500483 3.0661944299036383 3.0646250365276955 2.0159717 1483772
3.0661944299036383 3.069336022557228 3.067763403396011 2.0142581 1507206
3.069336022557228 3.072477615210818 3.0709074349514918 2.010281 1492800
3.072477615210818 3.0756192078644076 3.0740520338883752 2.0059302 1514826
3.0756192078644076 3.0787608005179976 3.0771963853013093 2.0027475 1499400
3.0787608005179976 3.081902393171587 3.0803400222180297 2.0058713 1519766
3.081902393171587 3.0850439858251772 3.0834765004453746 2.0004456 1497516
3.0850439858251772 3.088185578478767 3.086609102185111 1.9972554 1523574
3.088185578478767 3.0913271711323564 3.0897519239962477 1.9944555 1514864
3.0913271711323564 3.0944687637859465 3.0929013053455905 1.9900303 1532970
3.0944687637859465 3.097610356439536 3.0960386912191735 1.9927111 1511640
3.097610356439536 3.100751949093126 3.099180942068232 1.9912608 1543950
3.100751949093126 3.1038935417467157 3.102329927582359 1.9867278 1522364
3.1038935417467157 3.1070351344003058 3.10547359590299 1.9808166 1546182
3.1070351344003058 3.1101767270538954 3.1086092259369473 1.9840356 1521860
3.1101767270538954 3.113318319707485 3.1117384502653413 1.9762602 1545414
3.113318319707485 3.116459912361075 3.114884703922801 1.9744107 1542856
3.116459912361075 3.1196015050146646 3.1180323133855046 1.9710069 1555202
3.1196015050146646 3.1227430976682546 3.1211681620634657 1.9705166 1538048
3.1227430976682546 3.1258846903218442 3.124315540513677 1.9678856 1571166
3.1258846903218442 3.1290262829754343 3.1274639124882193 1.9652025 1545020
3.1290262829754343 3.132167875629024 3.130599093300028 1.9657596 1565446
3.132167875629024 3.135309468282614 3.1337384911170374 1.958724 1555512
3.135309468282614 3.1384510609362035 3.1368757433658736 1.9567176 1568858
3.1384510609362035 3.141592653589793 3.140014044539033 1.9574053 1562976
3.141592653589793 3.144734246243383 3.1431569820535827 1.9537421 1581198
3.144734246243383 3.1478758388969728 3.1463031783204918 1.9469725 1569812
3.1478758388969728 3.151017431550563 3.1494523465717594 1.9470831 1591926
3.151017431550563 3.1541590242041524 3.1525863706371005 1.9433591 1562592
3.1541590242041524 3.1573006168577424 3.1557222068679116 1.9427599 1597298
3.1573006168577424 3.160442209511332 3.1588667957962526 1.94017 1578280
3.160442209511332 3.163583802164922 3.1620028820650132 1.9400077 1595858
3.163583802164922 3.1667253948185117 3.1651435760475537 1.9314675 1590280
3.1667253948185117 3.1698669874721013 3.1682909689548806 1.931181 1605646
3.1698669874721013 3.1730085801256913 3.1714289057881233 1.9291545 1589564
3.1730085801256913 3.176150172779281 3.1745761942053985 1.924712 1621822
3.176150172779281 3.179291765432871 3.1777267544996155 1.9211781 1597504
3.179291765432871 3.1824333580864606 3.18086996550637 1.9211272 1621810
3.1824333580864606 3.1855749507400506 3.1840069935080324 1.9222432 1597816
3.1855749507400506 3.18871654339364 3.1871435567432553 1.9171828 1627678
3.18871654339364 3.19185813604723 3.190287676745802 1.914268 1610076
3.19185813604723 3.19499972870082 3.1934287153474137 1.9134271 1632486
3.19499972870082 3.1981413213544094 3.1965682655992254 1.9075836 1615992
3.1981413213544094 3.2012829140079995 3.1997126275269663 1.904397 1641458
3.2012829140079995 3.204424506661589 3.202856627253348 1.905606 1622320
3.204424506661589 3.207566099315179 3.2059970202327297 1.9049869 1646798
3.207566099315179 3.2107076919687687 3.209131894748385 1.8979704 1621484
3.2107076919687687 3.2138492846223587 3.212273058810502 1.8967493 1657446
3.2138492846223587 3.2169908772759483 3.2154196232629273 1.8942492 1635972
3.2169908772759483 3.220132469929538 3.2185526678481917 1.8940914 1650678
3.220132469929538 3.223274062583128 3.2216958784505962 1.8924488 1649760
3.223274062583128 3.2264156552367176 3.224846463980234 1.8855462 1666850
3.2264156552367176 3.2295572478903076 3.227988591091565 1.886587 1648632
3.2295572478903076 3.2326988405438972 3.231132059956195 1.8827633 1672910
3.2326988405438972 3.2358404331974873 3.234270923248617 1.8768576 1650372
3.2358404331974873 3.238982025851077 3.2374076997096 1.8769171 1678206
3.238982025851077 3.242123618504667 3.2405511543190224 1.8736519 1662984
3.242123618504667 3.2452652111582565 3.243693475515358 1.8715045 1682090
3.2452652111582565 3.248406803811846 3.2468318076417133 1.8754398 1667376
3.248406803811846 3.251548396465436 3.2499747549667575 1.8686278 1694310
3.251548396465436 3.2546899891190257 3.253117452328337 1.8670316 1671100
3.2546899891190257 3.257831581772616 3.2562575761608588 1.860801 1698622
3.257831581772616 3.2609731744262054 3.2593973622126664 1.863298 1679184
3.2609731744262054 3.2641147670797954 3.2625390200995934 1.8626956 1706106
3.2641147670797954 3.267256359733385 3.2656836391961663 1.8585795 1687008
3.267256359733385 3.2703979523869746 3.2688190298730473 1.8539984 1704362
3.2703979523869746 3.2735395450405647 3.2719579524874995 1.8533319 1698200
3.2735395450405647 3.2766811376941543 3.2751119777057056 1.8501512 1724766
3.2766811376941543 3.2798227303477443 3.278256555986836 1.8495866 1696892
3.2798227303477443 3.282964323001334 3.281392628357744 1.8459432 1722646
3.282964323001334 3.286105915654924 3.2845349173828886 1.8421885 1707744
3.286105915654924 3.2892475083085135 3.2876816295533495 1.8406433 1734146
3.2892475083085135 3.2923891009621036 3.2908207683970634 1.8367625 1708288
3.2923891009621036 3.295530693615693 3.2939596172746106 1.8369355 1739294
3.295530693615693 3.2986722862692828 3.2971020969709794 1.8347654 1717220
3.2986722862692828 3.301813878922873 3.3002457250507544 1.8304056 1749078
3.301813878922873 3.3049554715764624 3.303390040869844 1.8324728 1725088
3.3049554715764624 3.3080970642300525 3.3065220002476816 1.8263143 1741106
3.3080970642300525 3.311238656883642 3.3096595411394447 1.823281 1736840
3.311238656883642 3.314380249537232 3.3128023475303223 1.8232908 1755222
3.314380249537232 3.3175218421908217 3.3159458026503468 1.8206699 1743604
3.3175218421908217 3.3206634348444117 3.319088021351815 1.8216691 1759510
3.3206634348444117 3.3238050274980013 3.322228859046425 1.819308 1749772
3.3238050274980013 3.326946620151591 3.3253705426181175 1.8163626 1767374
3.326946620151591 3.330088212805181 3.328510220140463 1.8137584 1753408
3.330088212805181 3.3332298054587706 3.331657115444221 1.8108317 1782298
3.3332298054587706 3.3363713981123606 3.3348039693380427 1.8083911 1761160
3.3363713981123606 3.33951299076595 3.3379428453763373 1.8074774 1778582
3.33951299076595 3.3426545834195402 3.341083772081453 1.803802 1769300
3.3426545834195402 3.34579617607313 3.34422615090304 1.8014226 1789398
3.34579617607313 3.3489377687267194 3.3473661010315228 1.8003734 1772808
3.3489377687267194 3.3520793613803095 3.3505093471055867 1.7980386 1797314
3.3520793613803095 3.355220954033899 3.353650724789213 1.7969905 1779600
3.355220954033899 3.358362546687489 3.3567932605741575 1.7930005 1805574
3.358362546687489 3.3615041393410787 3.3599325655265657 1.7900014 1781380
3.3615041393410787 3.3646457319946688 3.3630724256380375 1.7867498 1812934
3.3646457319946688 3.3677873246482584 3.36621177899407 1.7887807 1788860
3.3677873246482584 3.3709289173018484 3.369355291207411 1.7798872 1823398
3.3709289173018484 3.374070509955438 3.3725017388259757 1.7824247 1798512
3.374070509955438 3.3772121026090276 3.3756393422555866 1.7793889 1821770
3.3772121026090276 3.3803536952626176 3.378776626482678 1.7740812 1803728
3.3803536952626176 3.3834952879162072 3.381920479164009 1.7770417 1835350
3.3834952879162072 3.3866368805697973 3.3850694332914846 1.76901 1816532
3.3866368805697973 3.389778473223387 3.38820938067269 1.7726146 1833918
3.389778473223387 3.392920065876977 3.391348995608009 1.7685779 1821568
3.392920065876977 3.3960616585305665 3.394489410940743 1.7674057 1839850
3.3960616585305665 3.3992032511841566 3.3976294895519104 1.7675252 1829808
3.3992032511841566 3.402344843837746 3.400769800900605 1.76231 1847886
3.402344843837746 3.4054864364913358 3.403909892080202 1.7637514 1834612
3.4054864364913358 3.408628029144926 3.4070563812089967 1.7603066 1861366
3.408628029144926 3.4117696217985154 3.4101916636428213 1.7552904 1831048
3.4117696217985154 3.4149112144521054 3.413331971423789 1.7515427 1871762
3.4149112144521054 3.418052807105695 3.4164819049410062 1.7537218 1849768
3.418052807105695 3.421194399759285 3.419620305357899 1.7522995 1866394
3.421194399759285 3.4243359924128747 3.4227545921567986 1.7511218 1851120
3.4243359924128747 3.4274775850664647 3.4259038864230678 1.7476083 1888974
3.4274775850664647 3.4306191777200543 3.4290516674161253 1.7429646 1857996
3.4306191777200543 3.433760770373644 3.432187971088923 1.7410479 1882958
3.433760770373644 3.436902363027234 3.4353307598199057 1.7384958 1870632
3.436902363027234 3.4400439556808236 3.4384738048999823 1.7403257 1890314
3.4400439556808236 3.4431855483344136 3.441611710001932 1.7362441 1873632
3.4431855483344136 3.446327140988003 3.444756836053655 1.7348868 1904646
3.446327140988003 3.4494687336415932 3.447901321920644 1.7353292 1878452
3.4494687336415932 3.452610326295183 3.4510406674622307 1.7306195 1906470
3.452610326295183 3.4557519189487724 3.454183238807691 1.7315215 1889928
3.4557519189487724 3.4588935116023625 3.457328518609924 1.7261895 1915338
3.4588935116023625 3.462035104255952 3.460465593177709 1.7220579 1886144
3.462035104255952 3.465176696909542 3.463599722798438 1.724816 1921542
3.465176696909542 3.4683182895631317 3.4667450720554362 1.7169707 1904636
3.4683182895631317 3.4714598822167217 3.4698905685474184 1.7193863 1928494
3.4714598822167217 3.4746014748703113 3.4730295812782286 1.7158786 1905876
3.4746014748703113 3.4777430675239014 3.4761704320474625 1.714388 1936022
3.4777430675239014 3.480884660177491 3.479316674700216 1.7153207 1917960
3.480884660177491 3.4840262528310806 3.4824592784857487 1.7114762 1940114
3.4840262528310806 3.4871678454846706 3.4855991630323264 1.7098167 1923152
3.4871678454846706 3.4903094381382602 3.48873993655641 1.709009 1945822
3.4903094381382602 3.4934510307918503 3.4918773000927645 1.7032032 1925900
3.4934510307918503 3.49659262344544 3.4950183274376134 1.705254 1959462
3.49659262344544 3.49973421609903 3.4981680137601026 1.6988928 1942120
3.49973421609903 3.5028758087526195 3.5013094628155064 1.6966734 1956170
3.5028758087526195 3.5060174014062095 3.5044463417031113 1.6980711 1943304
3.5060174014062095 3.509158994059799 3.5075831340412718 1.6964654 1964030
3.509158994059799 3.5123005867133887 3.5107234339415623 1.6946412 1953468
3.5123005867133887 3.515442179366979 3.5138671782406936 1.6939418 1975262
3.515442179366979 3.5185837720205684 3.5170065812393703 1.6906365 1957568
3.5185837720205684 3.5217253646741584 3.5201453295736345 1.6854155 1979098
3.5217253646741584 3.524866957327748 3.5232868664209507 1.6840322 1967416
3.524866957327748 3.528008549981338 3.526432857054467 1.6841809 1993930
3.528008549981338 3.5311501426349277 3.5295734805924397 1.6826152 1968000
3.5311501426349277 3.5342917352885173 3.532721630567274 1.6815234 2007774
3.5342917352885173 3.5374333279421073 3.5358659996823336 1.6794536 1971276
3.5374333279421073 3.540574920595697 3.5389962744648256 1.6762997 1998830
3.540574920595697 3.543716513249287 3.542141084001117 1.6736472 1995272
3.543716513249287 3.5468581059028765 3.5452878682434874 1.670711 2007898
3.5468581059028765 3.5499996985564666 3.5484247123808252 1.673982 1991272
3.5499996985564666 3.553141291210056 3.551572559717179 1.6684029 2028286
3.553141291210056 3.556282883863646 3.554722071055005 1.6683527 1999548
3.556282883863646 3.559424476517236 3.557863241097541 1.6656909 2026094
3.559424476517236 3.5625660691708254 3.560998522978428 1.6640568 1999352
3.5625660691708254 3.5657076618244155 3.5641318512455653 1.6613387 2029162
3.5657076618244155 3.568849254478005 3.5672743018507354 1.6581213 2018184
3.568849254478005 3.571990847131595 3.5704185583048274 1.6595608 2041214
3.571990847131595 3.5751324397851847 3.573560290118559 1.6552339 2019820
3.5751324397851847 3.5782740324387747 3.5767033781662567 1.6565427 2049854
3.5782740324387747 3.5814156250923643 3.5798490359153883 1.6529245 2031276
3.5814156250923643 3.5845572177459544 3.582990479982479 1.6494179 2052422
3.5845572177459544 3.587698810399544 3.5861281716333937 1.6492066 2032232
3.587698810399544 3.5908404030531336 3.589269374844178 1.6456466 2062978
3.5908404030531336 3.5939819957067236 3.5924077802945 1.6432197 2038400
3.5939819957067236 3.597123588360313 3.595548954009076 1.6403844 2072118
3.597123588360313 3.6002651810139032 3.598692764357265 1.64063 2049404
3.6002651810139032 3.603406773667493 3.601834865033701 1.6364977 2077446
3.603406773667493 3.606548366321083 3.6049779757141835 1.6363621 2058328
3.606548366321083 3.6096899589746725 3.6081202190099324 1.6367091 2081786
3.6096899589746725 3.612831551628262 3.611254319289376 1.63265 2056120
3.612831551628262 3.615973144281852 3.6143867569264367 1.6321262 2087950
3.615973144281852 3.6191147369354417 3.6175343690331885 1.6275032 2080164
3.6191147369354417 3.6222563295890318 3.6206816708012117 1.6281064 2095638
3.6222563295890318 3.6253979222426214 3.623818843812917 1.6277679 2076540
3.6253979222426214 3.6285395148962114 3.626963266663064 1.6251869 2111342
3.6285395148962114 3.631681107549801 3.6301050921042743 1.6257097 2079080
3.631681107549801 3.634822700203391 3.633247538147195 1.6187948 2120170
3.634822700203391 3.6379642928569806 3.636390312780212 1.6202106 2088104
3.6379642928569806 3.6411058855105702 3.639530050267391 1.6176488 2121222
3.6411058855105702 3.6442474781641603 3.6426752874536117 1.6146588 2103228
3.6442474781641603 3.64738907081775 3.645812308517961 1.6147302 2118902
3.64738907081775 3.65053066347134 3.6489560988019414 1.614367 2118032
3.65053066347134 3.6536722561249295 3.6521069388337595 1.6113306 2136226
3.6536722561249295 3.6568138487785196 3.655246649109628 1.6080221 2110736
3.6568138487785196 3.659955441432109 3.6583840953280684 1.6054044 2141742
3.659955441432109 3.663097034085699 3.6615296373001636 1.6076463 2125244
3.663097034085699 3.666238626739289 3.664670717747911 1.6041794 2145454
3.666238626739289 3.6693802193928784 3.667810844536509 1.6038723 2132920
3.6693802193928784 3.6725218120464684 3.670948155205804 1.6013247 2145202
3.6725218120464684 3.675663404700058 3.6740862802066783 1.5978006 2142936
3.675663404700058 3.678804997353648 3.677234300112599 1.5943922 2166962
3.678804997353648 3.6819465900072377 3.680377189796702 1.5964937 2144008
3.6819465900072377 3.6850881826608277 3.6835209744723496 1.5942847 2173142
3.6850881826608277 3.6882297753144173 3.686661128894813 1.5929253 2147372
3.6882297753144173 3.6913713679680074 3.6898016458878518 1.5896834 2182326
3.6913713679680074 3.694512960621597 3.6929437784269066 1.58821 2154040
3.694512960621597 3.6976545532751866 3.6960822628654726 1.5835278 2186786
3.6976545532751866 3.7007961459287766 3.6992257664028387 1.5863804 2168904
3.7007961459287766 3.703937738582366 3.702367720164019 1.5836532 2190686
3.703937738582366 3.7070793312359562 3.7055070087680577 1.5808251 2172356
3.7070793312359562 3.710220923889546 3.7086500971201004 1.5772966 2204494
3.710220923889546 3.713362516543136 3.7117947638566124 1.5782471 2183000
3.713362516543136 3.7165041091967255 3.714935701111626 1.5764169 2203674
3.7165041091967255 3.719645701850315 3.7180745756576297 1.5746275 2188896
3.719645701850315 3.722787294503905 3.721213694399386 1.5729569 2212886
3.722787294503905 3.7259288871574947 3.724352706149286 1.5689441 2194484
3.7259288871574947 3.7290704798110847 3.7274948682122027 1.5690101 2224726
3.7290704798110847 3.7322120724646743 3.7306396023552924 1.5686201 2206324
3.7322120724646743 3.7353536651182644 3.7337896281673353 1.5640637 2240158
3.7353536651182644 3.738495257771854 3.736929862164997 1.5652633 2198504
3.738495257771854 3.741636850425444 3.740062023966105 1.5649972 2237050
3.741636850425444 3.7447784430790336 3.743203756863687 1.5604829 2220856
3.7447784430790336 3.7479200357326232 3.7463502803476163 1.5596672 2248078
3.7479200357326232 3.7510616283862133 3.7494901810644254 1.5579962 2221020
3.7510616283862133 3.754203221039803 3.7526301774669184 1.5546341 2256630
3.754203221039803 3.757344813693393 3.755774865373046 1.5577389 2233176
3.757344813693393 3.7604864063469825 3.7589150240393616 1.5514454 2258042
3.7604864063469825 3.7636279990005725 3.7620563989602775 1.5505874 2243344
3.7636279990005725 3.766769591654162 3.7651981092567337 1.5491678 2267014
3.766769591654162 3.769911184307752 3.768337821143829 1.5476171 2245324
3.769911184307752 3.773052776961342 3.771475750257917 1.5454097 2273270
3.773052776961342 3.7761943696149314 3.774613217127339 1.5448326 2252928
3.7761943696149314 3.7793359622685214 3.777759223137977 1.5409362 2291546
3.7793359622685214 3.782477554922111 3.7809083199664033 1.5420612 2265680
3.782477554922111 3.785619147575701 3.7840485644662416 1.5378083 2286418
3.785619147575701 3.7887607402292907 3.787184700337953 1.5381386 2268504
3.7887607402292907 3.7919023328828807 3.7903309360585764 1.5377079 2306486
3.7919023328828807 3.7950439255364703 3.793476088992627 1.5341957 2275948
3.7950439255364703 3.79818551819006 3.796611814801645 1.5323517 2301262
3.79818551819006 3.80132711084365 3.799753679252348 1.5308682 2289648
3.80132711084365 3.8044687034972395 3.8029018251452276 1.5309839 2318538
3.8044687034972395 3.8076102961508296 3.8060420482065376 1.5276871 2287840
3.8076102961508296 3.810751888804419 3.8091800590592695 1.5283115 2322358
3.810751888804419 3.813893481458009 3.8123211926283074 1.5241753 2297972
3.813893481458009 3.817035074111599 3.815461858250474 1.52526 2330926
3.817035074111599 3.820176666765189 3.8186036705887756 1.5208248 2308648
3.820176666765189 3.8233182594187785 3.821742791542111 1.520747 2332522
3.8233182594187785 3.826459852072368 3.8248838573085395 1.5206882 2319048
3.826459852072368 3.829601444725958 3.8280265037808094 1.5162908 2343414
3.829601444725958 3.8327430373795477 3.8311681919497387 1.5153285 2324132
3.8327430373795477 3.8358846300331377 3.834313474758596 1.5127949 2357310
3.8358846300331377 3.8390262226867273 3.837454368534219 1.5146459 2325644
3.8390262226867273 3.8421678153403174 3.840592649340774 1.5096344 2362206
3.8421678153403174 3.845309407993907 3.8437408973312768 1.5107872 2345464
3.845309407993907 3.848451000647497 3.846884069503118 1.5067569 2363354
3.848451000647497 3.8515925933010866 3.850020771235601 1.5063107 2344848
3.8515925933010866 3.854734185954676 3.853162698867525 1.506388 2376686
3.854734185954676 3.8578757786082662 3.856304847519783 1.5045117 2353292
3.8578757786082662 3.861017371261856 3.8594435442729105 1.5025969 2379478
3.861017371261856 3.864158963915446 3.8625849234494 1.4971198 2367736
3.864158963915446 3.8673005565690355 3.8657280212738017 1.5007013 2385610
3.8673005565690355 3.8704421492226255 3.8688653233983596 1.4942377 2369064
3.8704421492226255 3.873583741876215 3.8720092072085266 1.4958258 2403822
3.873583741876215 3.8767253345298047 3.8751530174857165 1.4938163 2374332
3.8767253345298047 3.8798669271833948 3.878295437538162 1.4905403 2410766
3.8798669271833948 3.8830085198369844 3.8814347792303012 1.4934745 2377776
3.8830085198369844 3.8861501124905744 3.8845735817567406 1.4904923 2417618
3.8861501124905744 3.889291705144164 3.8877203154327913 1.4864973 2395800
3.889291705144164 3.892433297797754 3.890860206629497 1.4889189 2418186
3.892433297797754 3.8955748904513436 3.8939983934924607 1.4855267 2400416
3.8955748904513436 3.8987164831049337 3.8971425767810057 1.4853925 2432238
3.8987164831049337 3.9018580757585233 3.9002868949493124 1.4823661 2409980
3.9018580757585233 3.904999668412113 3.90342982282634 1.4809166 2439382
3.904999668412113 3.908141261065703 3.9065719511175048 1.4809254 2415592
3.908141261065703 3.9112828537192925 3.9097124263666942 1.4782332 2442730
3.9112828537192925 3.9144244463728826 3.912850851583689 1.4753737 2422176
3.9144244463728826 3.917566039026472 3.915987333290645 1.4741911 2449110
3.917566039026472 3.920707631680062 3.9191326190041713 1.473718 2440436
3.920707631680062 3.923849224333652 3.9222751138880216 1.4718161 2453934
3.923849224333652 3.926990816987242 3.9254159559192003 1.4710809 2446856
3.926990816987242 3.9301324096408314 3.928562333022294 1.4699428 2467794
3.9301324096408314 3.933274002294421 3.9317036028910857 1.4674019 2448248
3.933274002294421 3.936415594948011 3.9348411411734205 1.4667705 2471410
3.936415594948011 3.9395571876016007 3.9379778856545182 1.4633727 2453096
3.9395571876016007 3.9426987802551907 3.941121518759629 1.4653949 2488542
3.9426987802551907 3.9458403729087803 3.9442675628980473 1.461186 2467916
3.9458403729087803 3.9489819655623704 3.9474149947765107 1.4604955 2498038
3.9489819655623704 3.95212355821596 3.95055780671135 1.4574064 2466224
3.95212355821596 3.95526515086955 3.9536989315374504 1.455732 2505546
3.95526515086955 3.9584067435231396 3.956845002384514 1.4549724 2480992
3.9584067435231396 3.961548336176729 3.959985178906266 1.4555573 2504710
3.961548336176729 3.9646899288303192 3.963120027039808 1.4533377 2480044
3.9646899288303192 3.967831521483909 3.9662572780167946 1.4476626 2516270
3.967831521483909 3.970973114137499 3.969401787259356 1.4496943 2500160
3.970973114137499 3.9741147067910885 3.9725453787481957 1.4481615 2521098
3.9741147067910885 3.9772562994446785 3.975687183543346 1.4483751 2506976
3.9772562994446785 3.980397892098268 3.9788299500044566 1.4456614 2531494
3.980397892098268 3.9835394847518577 3.981969280890706 1.4445052 2507540
3.9835394847518577 3.9866810774054477 3.985110121170119 1.4400434 2541030
3.9866810774054477 3.9898226700590373 3.9882479275382026 1.4384719 2513460
3.9898226700590373 3.9929642627126274 3.991390025631647 1.437567 2554326
3.9929642627126274 3.996105855366217 3.994536173332201 1.4399657 2526408
3.996105855366217 3.999247448019807 3.9976781495453726 1.4353068 2557994
3.999247448019807 4.002389040673397 4.000819423965312 1.4348454 2533784
4.002389040673397 4.005530633326987 4.003964667352347 1.4340978 2570454
4.005530633326987 4.008672225980576 4.007105634153988 1.433456 2535236
4.008672225980576 4.011813818634166 4.010238457186869 1.4315783 2566654
4.011813818634166 4.0149554112877555 4.013375856498088 1.4275299 2549016
4.0149554112877555 4.018097003941346 4.016517049019106 1.4272528 2580578
4.018097003941346 4.0212385965949355 4.019662389733639 1.428516 2564976
4.0212385965949355 4.024380189248525 4.022804811053878 1.4246693 2584110
4.024380189248525 4.027521781902115 4.025944441066924 1.4234067 2566844
4.027521781902115 4.030663374555705 4.029089139416169 1.4235214 2601990
4.030663374555705 4.033804967209295 4.0322298096858615 1.4224479 2569464
4.033804967209295 4.036946559862884 4.035367592557238 1.420171 2602842
4.036946559862884 4.040088152516474 4.038508734259044 1.4192827 2582600
4.040088152516474 4.043229745170064 4.041652323178316 1.4154147 2616618
4.043229745170064 4.046371337823654 4.044799432604397 1.4155293 2597104
4.046371337823654 4.049512930477244 4.047944109504673 1.4141799 2618326
4.049512930477244 4.052654523130833 4.051082890814569 1.4142467 2597444
4.052654523130833 4.055796115784423 4.054224848919861 1.4093641 2631622
4.055796115784423 4.058937708438013 4.057367552373681 1.4106002 2606472
4.058937708438013 4.062079301091603 4.060509729015889 1.4085331 2638058
4.062079301091603 4.065220893745193 4.063646460469759 1.4071474 2607160
4.065220893745193 4.068362486398782 4.0667902274255185 1.404982 2655710
4.068362486398782 4.071504079052372 4.069937310120061 1.4055116 2620556
4.071504079052372 4.074645671705962 4.073075429926088 1.4025147 2652006
4.074645671705962 4.077787264359552 4.076213036795546 1.4021472 2626880
4.077787264359552 4.0809288570131415 4.079353644745601 1.3989836 2663218
4.0809288570131415 4.084070449666731 4.082496401245852 1.4008431 2639504
4.084070449666731 4.087212042320321 4.085639887366204 1.3999492 2674854
4.087212042320321 4.090353634973911 4.088786836413892 1.3958752 2650900
4.090353634973911 4.093495227627501 4.091926992826574 1.3954793 2671198
4.093495227627501 4.09663682028109 4.095064574010768 1.3944421 2655844
4.09663682028109 4.09977841293468 4.098205020816568 1.3928484 2685182
4.09977841293468 4.10292000558827 4.101349100638941 1.3879817 2668584
4.10292000558827 4.10606159824186 4.104495510442464 1.3896105 2698274
4.10606159824186 4.10920319089545 4.10763309517167 1.3858155 2663112
4.10920319089545 4.112344783549039 4.1107752154905866 1.385583 2711310
4.112344783549039 4.115486376202629 4.113918260263036 1.3875945 2672948
4.115486376202629 4.118627968856219 4.1170508086502835 1.3841068 2704782
4.118627968856219 4.121769561509809 4.120194848067292 1.3826371 2698648
4.121769561509809 4.1249111541633985 4.123338535585263 1.3799334 2710762
4.1249111541633985 4.128052746816988 4.1264741238729625 1.3804257 2696416
4.128052746816988 4.131194339470579 4.129620783064665 1.3786741 2737598
4.131194339470579 4.134335932124168 4.132765603616845 1.3786614 2699076
4.134335932124168 4.137477524777758 4.135906235677394 1.3774605 2739806
4.137477524777758 4.140619117431347 4.13904777929518 1.3749002 2710528
4.140619117431347 4.143760710084937 4.142189116787692 1.3729557 2745650
4.143760710084937 4.1469023027385274 4.145331612620043 1.3745575 2720832
4.1469023027385274 4.150043895392117 4.148470058587886 1.3704664 2748410
4.150043895392117 4.153185488045707 4.151611677389166 1.3673662 2733552
4.153185488045707 4.156327080699296 4.154756579647348 1.3691955 2762622
4.156327080699296 4.159468673352887 4.157898284379044 1.3653313 2736596
4.159468673352887 4.162610266006476 4.161038415571452 1.3644139 2768934
4.162610266006476 4.165751858660066 4.164179427859318 1.3647184 2744416
4.165751858660066 4.1688934513136555 4.167320312104897 1.3622475 2776786
4.1688934513136555 4.172035043967245 4.170463172233594 1.3638588 2759712
4.172035043967245 4.175176636620836 4.17360648994723 1.3604527 2784414
4.175176636620836 4.178318229274425 4.176746807013445 1.3574337 2760076
4.178318229274425 4.181459821928015 4.179890234835182 1.3582155 2800030
4.181459821928015 4.184601414581604 4.183032351662832 1.3560518 2768448
4.184601414581604 4.187743007235195 4.186177771032577 1.355322 2811306
4.187743007235195 4.1908845998887845 4.189321204068967 1.3519758 2773632
4.1908845998887845 4.194026192542374 4.1924539663397145 1.3513094 2802638
4.194026192542374 4.197167785195964 4.195594107967706 1.349599 2792948
4.197167785195964 4.200309377849553 4.1987355595459634 1.3509423 2814190
4.200309377849553 4.203450970503144 4.201875502773281 1.349924 2798972
4.203450970503144 4.206592563156733 4.205017368622439 1.3481655 2826054
4.206592563156733 4.209734155810323 4.2081604692104575 1.3452512 2807808
4.209734155810323 4.2128757484639126 4.211304807748659 1.3441457 2838890
4.2128757484639126 4.216017341117503 4.214444870871095 1.3429104 2809112
4.216017341117503 4.219158933771093 4.21758216127469 1.340715 2840014
4.219158933771093 4.222300526424682 4.220724042231705 1.3415842 2826524
4.222300526424682 4.225442119078272 4.223866669923276 1.3391895 2849910
4.225442119078272 4.228583711731861 4.227008470640211 1.3376893 2835072
4.228583711731861 4.231725304385452 4.2301483830030655 1.3379053 2852346
4.231725304385452 4.2348668970390415 4.233290318796806 1.3372678 2847552
4.2348668970390415 4.238008489692631 4.2364350206493215 1.333624 2868278
4.238008489692631 4.241150082346221 4.239574786757747 1.3324733 2845028
4.241150082346221 4.244291674999811 4.242718705145078 1.3344533 2884182
4.244291674999811 4.247433267653401 4.245859192162358 1.3302711 2849372
4.247433267653401 4.25057486030699 4.249002750769904 1.3303168 2895430
4.25057486030699 4.25371645296058 4.252147973620961 1.3279308 2862168
4.25371645296058 4.25685804561417 4.255285375235686 1.3275639 2889986
4.25685804561417 4.25999963826776 4.258426826221445 1.3262225 2878432
4.25999963826776 4.26314123092135 4.2615743678654 1.3263624 2907950
4.26314123092135 4.266282823574939 4.264713041931035 1.3230616 2871316
4.266282823574939 4.269424416228529 4.2678480967968655 1.3215915 2912830
4.269424416228529 4.2725660088821185 4.270991504397543 1.3219874 2891208
4.2725660088821185 4.275707601535709 4.27413415547339 1.3188261 2920938
4.275707601535709 4.2788491941892985 4.277275250525055 1.3197618 2897224
4.2788491941892985 4.281990786842888 4.280417468688823 1.3157898 2932942
4.281990786842888 4.285132379496478 4.283559200611736 1.3159796 2902836
4.285132379496478 4.288273972150068 4.286701916535602 1.3140848 2943014
4.288273972150068 4.291415564803658 4.289843241099134 1.3138274 2912208
4.291415564803658 4.294557157457247 4.292985896825289 1.3117197 2950626
4.294557157457247 4.297698750110837 4.296128835524993 1.3121225 2922264
4.297698750110837 4.300840342764427 4.299268164067794 1.3082541 2953802
4.300840342764427 4.303981935418017 4.302407354633586 1.3071833 2930104
4.303981935418017 4.307123528071607 4.30555517725882 1.3090533 2975750
4.307123528071607 4.310265120725196 4.3086979394113465 1.3070077 2932124
4.310265120725196 4.313406713378786 4.311832401131235 1.3016357 2970150
4.313406713378786 4.316548306032376 4.3149761424507656 1.3021928 2954496
4.316548306032376 4.319689898685966 4.31811829244014 1.3019663 2976762
4.319689898685966 4.322831491339556 4.321256633296036 1.3013256 2958344
4.322831491339556 4.325973083993145 4.324402027724239 1.3017961 2996622
4.325973083993145 4.329114676646735 4.327541902362394 1.2991292 2956164
4.329114676646735 4.332256269300325 4.330682967347126 1.2994313 3009182
4.332256269300325 4.335397861953915 4.333828940673004 1.2989347 2973808
4.335397861953915 4.3385394546075045 4.336968534623897 1.295784 3004010
4.3385394546075045 4.341681047261094 4.34010957062607 1.2908609 2986312
4.341681047261094 4.3448226399146845 4.343252607722242 1.2938076 3018406
4.3448226399146845 4.347964232568274 4.3463957474135455 1.2913114 2991540
4.347964232568274 4.351105825221864 4.349534200459538 1.2911111 3020166
4.351105825221864 4.354247417875453 4.352672702786371 1.2895904 3001444
4.354247417875453 4.357389010529043 4.355819585797255 1.2897115 3044326
4.357389010529043 4.360530603182633 4.35896679792325 1.2874645 3008256
4.360530603182633 4.363672195836223 4.362102813069675 1.2853718 3033330
4.363672195836223 4.366813788489813 4.365241404256636 1.2842436 3024008
4.366813788489813 4.369955381143402 4.3683856425793 1.282236 3049158
4.369955381143402 4.373096973796993 4.371528021212612 1.2815034 3031132
4.373096973796993 4.376238566450582 4.374664827535063 1.2839038 3047830
4.376238566450582 4.379380159104172 4.377802648508258 1.2812436 3040856
4.379380159104172 4.3825217517577615 4.380949363723149 1.280052 3073402
4.3825217517577615 4.385663344411351 4.384089092320936 1.27749 3037328
4.385663344411351 4.388804937064942 4.387230782972087 1.2772453 3085758
4.388804937064942 4.391946529718531 4.390377815871395 1.2763802 3053100
4.391946529718531 4.395088122372121 4.3935171275517435 1.2744141 3083670
4.395088122372121 4.39822971502571 4.396654819298852 1.2755058 3059264
4.39822971502571 4.401371307679301 4.399795841043823 1.2719098 3095634
4.401371307679301 4.4045129003328904 4.402938288629568 1.2706871 3071880
4.4045129003328904 4.40765449298648 4.406081150223444 1.271076 3106730
4.40765449298648 4.41079608564007 4.409221413640173 1.2692542 3075800
4.41079608564007 4.413937678293659 4.4123667020038635 1.2658539 3122182
4.413937678293659 4.41707927094725 4.415509312467 1.2661066 3081324
4.41707927094725 4.420220863600839 4.418647995546079 1.2678322 3123998
4.420220863600839 4.423362456254429 4.421792252607426 1.2664304 3100344
4.423362456254429 4.4265040489080185 4.4249292554444155 1.262874 3118506
4.4265040489080185 4.429645641561609 4.428069227808671 1.2615129 3116096
4.429645641561609 4.432787234215199 4.431212599441951 1.2589033 3133446
4.432787234215199 4.435928826868788 4.434356284039704 1.2597756 3124132
4.435928826868788 4.439070419522378 4.437503124343747 1.256851 3150014
4.439070419522378 4.442212012175967 4.440637132046185 1.2575725 3108656
4.442212012175967 4.445353604829558 4.443774514975048 1.2554941 3161586
4.445353604829558 4.4484951974831475 4.446921257884809 1.2563446 3139160
4.4484951974831475 4.451636790136737 4.450064559179118 1.254423 3166062
4.451636790136737 4.454778382790327 4.453206160700164 1.2535868 3140660
4.454778382790327 4.457919975443916 4.456351959779661 1.2506136 3184366
4.457919975443916 4.461061568097507 4.459496912388006 1.2493471 3147812
4.461061568097507 4.464203160751096 4.4626361599230275 1.2483804 3184110
4.464203160751096 4.467344753404686 4.465777894223616 1.2466229 3157328
4.467344753404686 4.4704863460582756 4.4689149045733725 1.2474368 3186370
4.4704863460582756 4.473627938711866 4.4720550701129715 1.246203 3173112
4.473627938711866 4.476769531365456 4.475199190585158 1.2457664 3202046
4.476769531365456 4.479911124019045 4.478340821760216 1.2422991 3177908
4.479911124019045 4.483052716672635 4.481484400512792 1.2411203 3214270
4.483052716672635 4.486194309326224 4.48462629958008 1.2412907 3184768
4.486194309326224 4.489335901979815 4.487772417122918 1.2411674 3228058
4.489335901979815 4.4924774946334045 4.490911676284381 1.2382494 3183528
4.4924774946334045 4.495619087286994 4.494043933896296 1.2367661 3223550
4.495619087286994 4.498760679940584 4.497186560191982 1.2382288 3209876
4.498760679940584 4.501902272594174 4.500331306568273 1.2344816 3238078
4.501902272594174 4.505043865247764 4.503470457791863 1.2343094 3210152
4.505043865247764 4.508185457901353 4.506609944001215 1.2346215 3245874
4.508185457901353 4.511327050554943 4.5097538379954765 1.2330745 3226040
4.511327050554943 4.514468643208533 4.512896834960149 1.2315364 3255994
4.514468643208533 4.517610235862123 4.516037629899299 1.230114 3230736
4.517610235862123 4.520751828515713 4.519178276178843 1.2287455 3262142
4.520751828515713 4.523893421169302 4.522317566206285 1.2268981 3238812
4.523893421169302 4.527035013822892 4.525452602232074 1.2261862 3263262
4.527035013822892 4.530176606476482 4.528597167650454 1.2250866 3264800
4.530176606476482 4.533318199130072 4.53174388565201 1.2250215 3278130
4.533318199130072 4.5364597917836615 4.534884802932846 1.2237335 3262808
4.5364597917836615 4.539601384437251 4.538028795655495 1.2225206 3293790
4.539601384437251 4.542742977090841 4.541169552949657 1.2221904 3262308
4.542742977090841 4.545884569744431 4.5443117857032655 1.2205778 3308022
4.545884569744431 4.549026162398021 4.547453380891515 1.2195789 3271784
4.549026162398021 4.55216775505161 4.550593287519984 1.2182642 3310098
4.55216775505161 4.5553093477052 4.55373328827696 1.2174505 3282200
4.5553093477052 4.5584509403587905 4.556878169656239 1.2172885 3330346
4.5584509403587905 4.56159253301238 4.560026100947506 1.2152939 3298656
4.56159253301238 4.56473412566597 4.563171124683075 1.2144703 3329966
4.56473412566597 4.567875718319559 4.566305936024998 1.2125963 3289476
4.567875718319559 4.571017310973149 4.569441235360842 1.2133607 3340022
4.571017310973149 4.574158903626739 4.572587061766235 1.2114637 3318192
4.574158903626739 4.577300496280329 4.575728316050844 1.2098007 3341058
4.577300496280329 4.580442088933919 4.5788681666141 1.20815 3325368
4.580442088933919 4.583583681587508 4.5820137149168225 1.2066578 3360638
4.583583681587508 4.586725274241099 4.585157733686779 1.2066243 3329740
4.586725274241099 4.589866866894688 4.588296749695782 1.2050774 3364046
4.589866866894688 4.593008459548278 4.591437890763185 1.2025515 3341992
4.593008459548278 4.5961500522018675 4.594578943731225 1.2037133 3369562
4.5961500522018675 4.599291644855457 4.597717434767229 1.2019787 3348504
4.599291644855457 4.6024332375090475 4.600859762573371 1.2025379 3387174
4.6024332375090475 4.605574830162637 4.604003777749859 1.201811 3359716
4.605574830162637 4.608716422816227 4.607147061528774 1.1993115 3395038
4.608716422816227 4.611858015469816 4.610289401157675 1.1989202 3368212
4.611858015469816 4.614999608123406 4.613433691496608 1.1970798 3408358
4.614999608123406 4.618141200776996 4.616578027526198 1.194389 3376232
4.618141200776996 4.621282793430586 4.619709062184367 1.19308 3391162
4.621282793430586 4.624424386084176 4.622847125554357 1.1940244 3399168
4.624424386084176 4.627565978737765 4.625994713265514 1.1916856 3419078
4.627565978737765 4.630707571391356 4.62913768630743 1.191374 3399908
4.630707571391356 4.633849164044945 4.632281026614562 1.1916703 3430654
4.633849164044945 4.636990756698535 4.635420444738116 1.1889845 3400408
4.636990756698535 4.6401323493521245 4.63856058642032 1.1889247 3438778
4.6401323493521245 4.643273942005714 4.641698435518339 1.1898413 3407616
4.643273942005714 4.646415534659305 4.644838746607131 1.1880854 3453846
4.646415534659305 4.649557127312894 4.647983602285001 1.1839963 3423428
4.649557127312894 4.652698719966484 4.6511245876692495 1.1855707 3456966
4.652698719966484 4.655840312620073 4.654266426673199 1.1841271 3434216
4.655840312620073 4.658981905273664 4.657411685275368 1.1811643 3472962
4.658981905273664 4.6621234979272534 4.660555140815947 1.1822313 3440088
4.6621234979272534 4.665265090580843 4.6636953346835 1.1797963 3476946
4.665265090580843 4.668406683234433 4.666834263593213 1.1782912 3446088
4.668406683234433 4.671548275888022 4.669977112185163 1.1782647 3491846
4.671548275888022 4.674689868541613 4.673119677363749 1.1766961 3457684
4.674689868541613 4.677831461195202 4.676257052819809 1.1760862 3489566
4.677831461195202 4.680973053848792 4.67939800436011 1.1758429 3473632
4.680973053848792 4.6841146465023815 4.682543793594707 1.1748657 3508474
4.6841146465023815 4.687256239155972 4.685686162639834 1.1751031 3479232
4.687256239155972 4.690397831809562 4.688828302803082 1.1724178 3516486
4.690397831809562 4.693539424463151 4.691968950431506 1.1728855 3481900
4.693539424463151 4.696681017116741 4.695107808535682 1.171101 3524782
4.696681017116741 4.69982260977033 4.698250706204253 1.1689092 3501432
4.69982260977033 4.702964202423921 4.701395260673509 1.1670042 3534434
4.702964202423921 4.7061057950775105 4.704536034952381 1.1696519 3503320
4.7061057950775105 4.7092473877311 4.707678838008517 1.1667756 3550790
4.7092473877311 4.71238898038469 4.710819678917404 1.1662964 3505500
4.71238898038469 4.71553057303828 4.713957242280775 1.1644502 3553694
4.71553057303828 4.71867216569187 4.717099203375048 1.1615897 3526876
4.71867216569187 4.721813758345459 4.720242511051083 1.1599195 3564926
4.721813758345459 4.724955350999049 4.723383974976846 1.1622185 3529208
4.724955350999049 4.7280969436526386 4.726522800189396 1.1611096 3571458
4.7280969436526386 4.731238536306229 4.72966688952755 1.160467 3551720
4.731238536306229 4.734380128959819 4.732810615995561 1.1587101 3577350
4.734380128959819 4.737521721613408 4.735949563350794 1.1578616 3550092
4.737521721613408 4.740663314266998 4.739090434487327 1.1555454 3593190
4.740663314266998 4.743804906920588 4.742232476957254 1.15511 3562752
4.743804906920588 4.746946499574178 4.745374107983515 1.1546276 3598730
4.746946499574178 4.7500880922277675 4.748514667622195 1.1532019 3572416
4.7500880922277675 4.753229684881357 4.751657084103119 1.1537569 3612278
4.753229684881357 4.756371277534947 4.754798708366347 1.1519092 3578252
4.756371277534947 4.759512870188537 4.7579418180943645 1.1520972 3625662
4.759512870188537 4.762654462842127 4.7610783946528095 1.1496363 3576288
4.762654462842127 4.765796055495716 4.764220376135554 1.1494836 3643458
4.765796055495716 4.768937648149306 4.767367531025316 1.1478549 3596384
4.768937648149306 4.7720792408028965 4.770503366569391 1.1464634 3632250
4.7720792408028965 4.775220833456486 4.773645105583535 1.1446728 3618024
4.775220833456486 4.778362426110076 4.776793518467486 1.1450046 3653966
4.778362426110076 4.781504018763665 4.779933859493239 1.1433145 3610204
4.781504018763665 4.784645611417255 4.783069409932682 1.1428428 3656582
4.784645611417255 4.787787204070845 4.786217286292883 1.1418879 3642800
4.787787204070845 4.790928796724435 4.789357990715987 1.139548 3650850
4.790928796724435 4.7940703893780245 4.792495022395518 1.1414243 3646424
4.7940703893780245 4.797211982031614 4.7956404513092465 1.1369052 3677662
4.797211982031614 4.800353574685204 4.798784757268917 1.1393043 3653372
4.800353574685204 4.803495167338794 4.801927742552337 1.1357688 3685278
4.803495167338794 4.806636759992384 4.805067178667407 1.1363009 3655752
4.806636759992384 4.809778352645973 4.808208331490423 1.1365206 3696210
4.809778352645973 4.812919945299563 4.811351766058262 1.134522 3670656
4.812919945299563 4.8160615379531535 4.814485692483865 1.1341416 3686534
4.8160615379531535 4.819203130606743 4.8176243284125855 1.1295311 3688772
4.819203130606743 4.822344723260333 4.820772196359533 1.1310395 3717270
4.822344723260333 4.825486315913922 4.8239138496087115 1.1309917 3686244
4.825486315913922 4.828627908567512 4.827053246738637 1.1295221 3722382
4.828627908567512 4.831769501221102 4.830194542290336 1.128581 3697576
4.831769501221102 4.834911093874692 4.833338701723686 1.1278775 3738034
4.834911093874692 4.838052686528282 4.836479709135567 1.1250376 3703536
4.838052686528282 4.841194279181871 4.839622991080074 1.1259713 3750006
4.841194279181871 4.844335871835462 4.842766217328295 1.1241134 3713164
4.844335871835462 4.847477464489051 4.8459046275645745 1.1232866 3750838
4.847477464489051 4.850619057142641 4.849044612197978 1.1224946 3724256
4.850619057142641 4.8537606497962305 4.8521882325999375 1.1211281 3769290
4.8537606497962305 4.85690224244982 4.855332125959415 1.1213405 3736256
4.85690224244982 4.8600438351034105 4.858473935534669 1.1183825 3774550
4.8600438351034105 4.863185427757 4.861618806682068 1.1197219 3750100
4.863185427757 4.86632702041059 4.864762771791829 1.1183431 3782014
4.86632702041059 4.869468613064179 4.867898033540397 1.1166075 3743300
4.869468613064179 4.87261020571777 4.871034994043109 1.1143047 3792934
4.87261020571777 4.875751798371359 4.874180576867648 1.1137075 3773552
4.875751798371359 4.878893391024949 4.877321873492593 1.1145452 3792282
4.878893391024949 4.882034983678539 4.880460532792555 1.1133174 3779400
4.882034983678539 4.885176576332128 4.883609269452106 1.1117437 3823662
4.885176576332128 4.888318168985719 4.886751392531434 1.1104221 3773084
4.888318168985719 4.891459761639308 4.88988701828041 1.1117159 3820806
4.891459761639308 4.894601354292898 4.893028423035763 1.1092998 3792888
4.894601354292898 4.8977429469464875 4.89616916302865 1.1081065 3830018
4.8977429469464875 4.900884539600078 4.899311296717719 1.1068703 3808056
4.900884539600078 4.904026132253668 4.902452715302769 1.1070791 3838566
4.904026132253668 4.907167724907257 4.905597300826598 1.1048847 3821492
4.907167724907257 4.910309317560847 4.908741702547751 1.1051669 3850566
4.910309317560847 4.913450910214436 4.9118786470802345 1.1054864 3815200
4.913450910214436 4.916592502868027 4.9150187745791065 1.1021563 3864146
4.916592502868027 4.9197340955216164 4.918162481992287 1.101759 3834576
4.9197340955216164 4.922875688175206 4.9212991470059055 1.1007922 3858482
4.922875688175206 4.926017280828796 4.924443477767013 1.0994228 3863064
4.926017280828796 4.929158873482386 4.927588751083525 1.098232 3869094
4.929158873482386 4.932300466135976 4.9307239853126905 1.0981393 3848916
4.932300466135976 4.935442058789565 4.933866430793994 1.0976273 3898046
4.935442058789565 4.938583651443155 4.937012283891402 1.0965526 3865736
4.938583651443155 4.9417252440967445 4.940157359052048 1.0961132 3905250
4.9417252440967445 4.944866836750335 4.943297566512583 1.094372 3866416
4.944866836750335 4.948008429403925 4.9464348701064065 1.0942031 3905678
4.948008429403925 4.951150022057514 4.949575391295165 1.093601 3882724
4.951150022057514 4.954291614711104 4.952716947889617 1.0924387 3921094
4.954291614711104 4.957433207364693 4.955860069397475 1.0918866 3897712
4.957433207364693 4.960574800018284 4.959007118769615 1.0894474 3936626
4.960574800018284 4.9637163926718735 4.96214742016277 1.0886935 3892128
4.9637163926718735 4.966857985325463 4.9652840886843235 1.088454 3941582
4.966857985325463 4.969999577979053 4.968426058321108 1.0864106 3910236
4.969999577979053 4.973141170632643 4.971566516501849 1.0860378 3948558
4.973141170632643 4.976282763286233 4.974708256459197 1.085535 3924772
4.976282763286233 4.979424355939822 4.977850448760793 1.0846616 3959518
4.979424355939822 4.982565948593412 4.980992567781862 1.0827296 3933096
4.982565948593412 4.9857075412470016 4.984133502008534 1.0825415 3968426
4.9857075412470016 4.988849133900592 4.987277040527259 1.0815855 3950424
4.988849133900592 4.991990726554182 4.990422745464269 1.0817174 3980238
4.991990726554182 4.995132319207771 4.993562524818923 1.0796856 3947268
4.995132319207771 4.998273911861361 4.996700489731161 1.0785633 3987158
4.998273911861361 5.001415504514951 4.9998409737038525 1.0777427 3962728
5.001415504514951 5.004557097168541 5.002985860276677 1.0770041 4004594
5.004557097168541 5.0076986898221305 5.006127361345359 1.0764393 3968304
5.0076986898221305 5.01084028247572 5.009267638026169 1.0746322 4013630
5.01084028247572 5.01398187512931 5.012412958923379 1.0732098 3986372
5.01398187512931 5.0171234677829 5.015555269834252 1.0730774 4016910
5.0171234677829 5.02026506043649 5.018688589519162 1.0732644 3976776
5.02026506043649 5.023406653090079 5.021829690774768 1.0705295 4042890
5.023406653090079 5.026548245743669 5.024978274065059 1.0716667 4006296
5.026548245743669 5.0296898383972595 5.028116337618017 1.0704035 4028186
5.0296898383972595 5.032831431050849 5.031255608025171 1.0691524 4018552
5.032831431050849 5.035973023704439 5.034399893953909 1.0678759 4049990
5.035973023704439 5.039114616358028 5.0375403205428 1.0684729 4020028
5.039114616358028 5.042256209011618 5.040683134612656 1.0662644 4068262
5.042256209011618 5.045397801665208 5.043829105419972 1.066612 4033368
5.045397801665208 5.048539394318798 5.046968397665754 1.0648437 4062954
5.048539394318798 5.0516809869723875 5.050108098117405 1.0622456 4046552
5.0516809869723875 5.054822579625977 5.053249445638347 1.0633996 4076094
5.054822579625977 5.057964172279568 5.05639342301925 1.0625802 4061980
5.057964172279568 5.061105764933157 5.059537965775645 1.0621493 4088158
5.061105764933157 5.064247357586747 5.062679257685556 1.0597799 4067896
5.064247357586747 5.067388950240336 5.065822030499753 1.0596418 4097426
5.067388950240336 5.070530542893926 5.068959483512905 1.0587007 4064784
5.070530542893926 5.0736721355475165 5.0721002279089875 1.0574809 4117790
5.0736721355475165 5.076813728201106 5.075243517138465 1.0565635 4079684
5.076813728201106 5.079955320854696 5.078385174314656 1.0560133 4124014
5.079955320854696 5.083096913508285 5.081520807660066 1.0551517 4075324
5.083096913508285 5.086238506161876 5.084662710673939 1.0532769 4151590
5.086238506161876 5.089380098815465 5.0878142055271285 1.0548404 4106648
5.089380098815465 5.092521691469055 5.090956516281457 1.0546699 4140250
5.092521691469055 5.095663284122645 5.0940918765577115 1.0516378 4100776
5.095663284122645 5.098804876776234 5.097232693882234 1.0498763 4160998
5.098804876776234 5.101946469429825 5.1003786893783545 1.0505327 4124252
5.101946469429825 5.105088062083414 5.103517504252202 1.0498216 4155174
5.105088062083414 5.108229654737004 5.106655005715938 1.0488424 4131224
5.108229654737004 5.1113712473905935 5.1097984398070695 1.0472217 4177498
5.1113712473905935 5.114512840044184 5.112940771038919 1.046229 4141088
5.114512840044184 5.1176544326977735 5.116081892617523 1.045861 4185126
5.1176544326977735 5.120796025351363 5.119225122185763 1.0453163 4155380
5.120796025351363 5.123937618004953 5.12236545621393 1.0445609 4187302
5.123937618004953 5.127079210658542 5.125505870924646 1.0431207 4167824
5.127079210658542 5.130220803312133 5.128644882248144 1.0420476 4193010
5.130220803312133 5.133362395965722 5.1317874333443925 1.0413246 4185864
5.133362395965722 5.136503988619312 5.134930963532424 1.0398759 4207362
5.136503988619312 5.139645581272902 5.138069603576882 1.0390122 4185080
5.139645581272902 5.142787173926491 5.141216381424539 1.0382172 4235070
5.142787173926491 5.145928766580082 5.144362568790401 1.0396488 4194684
5.145928766580082 5.149070359233671 5.147500447153353 1.0365326 4227302
5.149070359233671 5.152211951887261 5.150640490209075 1.0358938 4207168
5.152211951887261 5.1553535445408505 5.153781054390077 1.0359344 4238546
5.1553535445408505 5.158495137194441 5.156919284081339 1.0349836 4212880
5.158495137194441 5.161636729848031 5.160061028726409 1.0333452 4259710
5.161636729848031 5.16477832250162 5.163207703560429 1.0330621 4230964
5.16477832250162 5.16791991515521 5.166350392484492 1.0322231 4264406
5.16791991515521 5.171061507808799 5.169489773277751 1.0311922 4232168
5.171061507808799 5.17420310046239 5.172632523898978 1.0299047 4280634
5.17420310046239 5.1773446931159794 5.1757763308238935 1.0298072 4247784
5.1773446931159794 5.180486285769569 5.178914154196971 1.0281514 4275506
5.180486285769569 5.183627878423159 5.1820537918059495 1.0279866 4262992
5.183627878423159 5.186769471076749 5.185203382808603 1.0260301 4307990
5.186769471076749 5.189911063730339 5.188345667958656 1.0251098 4257884
5.189911063730339 5.193052656383928 5.191484343262914 1.0252963 4310574
5.193052656383928 5.196194249037518 5.194624998565608 1.0253737 4269232
5.196194249037518 5.1993358416911075 5.197764136185204 1.0231502 4317266
5.1993358416911075 5.202477434344698 5.200903733544451 1.0219154 4284328
5.202477434344698 5.205619026998288 5.204042806189254 1.0222925 4324510
5.205619026998288 5.208760619651877 5.207185897806343 1.021088 4303572
5.208760619651877 5.211902212305467 5.210330682374939 1.0201089 4342038
5.211902212305467 5.215043804959057 5.213471730895727 1.019778 4303656
5.215043804959057 5.218185397612647 5.216614763785258 1.0188249 4354730
5.218185397612647 5.2213269902662365 5.219758034509674 1.0176104 4318272
5.2213269902662365 5.224468582919826 5.2228954768620435 1.0163194 4350326
5.224468582919826 5.227610175573416 5.226034391191104 1.0167096 4329036
5.227610175573416 5.230751768227006 5.229175642621301 1.0141107 4368390
5.230751768227006 5.233893360880596 5.232316906083703 1.0150243 4341164
5.233893360880596 5.237034953534185 5.2354594208218 1.0129238 4381398
5.237034953534185 5.240176546187775 5.238603949032059 1.0134664 4354536
5.240176546187775 5.243318138841365 5.241744505138777 1.0110104 4383426
5.243318138841365 5.246459731494955 5.244887942415389 1.0113335 4374320
5.246459731494955 5.249601324148545 5.248033289771203 1.0105399 4397046
5.249601324148545 5.252742916802134 5.251170080395715 1.0073401 4361644
5.252742916802134 5.255884509455724 5.254307374988954 1.0082636 4409366
5.255884509455724 5.259026102109314 5.257452886048892 1.0074698 4395352
5.259026102109314 5.262167694762904 5.26060195110215 1.0067489 4427266
5.262167694762904 5.2653092874164935 5.263738305692416 1.0065882 4373080
5.2653092874164935 5.268450880070083 5.2668736382829 1.0045556 4434646
5.268450880070083 5.271592472723674 5.270017624668792 1.0044569 4404740
5.271592472723674 5.274734065377263 5.27315832017932 1.0038003 4439878
5.274734065377263 5.277875658030853 5.2762976559417964 1.0018041 4412488
5.277875658030853 5.281017250684442 5.279440425487277 1.0020157 4456234
5.281017250684442 5.284158843338032 5.282584050676924 0.99999774 4424984
5.284158843338032 5.2873004359916225 5.28572646956437 0.99987763 4466410
5.2873004359916225 5.290442028645212 5.288869319104315 0.9990436 4437264
5.290442028645212 5.293583621298802 5.2920127480671715 0.9974359 4474670
5.293583621298802 5.296725213952391 5.295151872339532 0.9986985 4438172
5.296725213952391 5.299866806605982 5.298290740825011 0.99730927 4485766
5.299866806605982 5.303008399259571 5.3014364221233805 0.9959235 4466256
5.303008399259571 5.306149991913161 5.304578809354498 0.99509895 4487426
5.306149991913161 5.3092915845667505 5.307717444130023 0.9953996 4466040
5.3092915845667505 5.31243317722034 5.310862230405958 0.992785 4515926
5.31243317722034 5.315574769873931 5.314007138643036 0.99330175 4476036
5.315574769873931 5.31871636252752 5.317147359858016 0.9934829 4514406
5.31871636252752 5.32185795518111 5.320286251415152 0.99200153 4484352
5.32185795518111 5.324999547834699 5.323425906781015 0.990752 4523522
5.324999547834699 5.328141140488289 5.326568261901803 0.9903877 4503600
5.328141140488289 5.3312827331418795 5.3297101326304075 0.9879491 4535382
5.3312827331418795 5.334424325795469 5.332853125488673 0.9884353 4516556
5.334424325795469 5.337565918449059 5.335999089398876 0.9878722 4552014
5.337565918449059 5.340707511102648 5.339138845498131 0.98768294 4511148
5.340707511102648 5.343849103756239 5.342281707109463 0.98682684 4574102
5.343849103756239 5.346990696409828 5.345425875587191 0.9857374 4521056
5.346990696409828 5.350132289063418 5.348561970934122 0.98478067 4563634
5.350132289063418 5.353273881717008 5.351701011847006 0.98363304 4541768
5.353273881717008 5.356415474370597 5.3548453123219 0.9822751 4586886
5.356415474370597 5.359557067024188 5.357989647523603 0.9819678 4552308
5.359557067024188 5.362698659677777 5.361126870685 0.98098403 4580862
5.362698659677777 5.365840252331367 5.364268652808195 0.98141414 4574256
5.365840252331367 5.3689818449849565 5.367418315280263 0.9801108 4611626
5.3689818449849565 5.372123437638547 5.370558411117654 0.9792212 4561216
5.372123437638547 5.3752650302921365 5.373691841319741 0.9784256 4602038
5.3752650302921365 5.378406622945726 5.37683362407368 0.97819984 4594444
5.378406622945726 5.381548215599316 5.37998000212609 0.97643775 4625686
5.381548215599316 5.384689808252905 5.383117632805763 0.974908 4583448
5.384689808252905 5.387831400906496 5.386260262284247 0.9755562 4649690
5.387831400906496 5.390972993560085 5.389405852255189 0.97337806 4600568
5.390972993560085 5.394114586213675 5.392546780122462 0.9736113 4648810
5.394114586213675 5.397256178867265 5.395685225157121 0.9720093 4604888
5.397256178867265 5.400397771520855 5.398826891492446 0.9719695 4666662
5.400397771520855 5.403539364174445 5.401969434167001 0.9714975 4618348
5.403539364174445 5.406680956828034 5.405107729900419 0.97020227 4667918
5.406680956828034 5.409822549481624 5.408250059683153 0.97013277 4637896
5.409822549481624 5.4129641421352135 5.411393793229732 0.9690856 4682866
5.4129641421352135 5.416105734788804 5.414533139442898 0.9688357 4639384
5.416105734788804 5.419247327442394 5.4176706022533585 0.96618694 4687334
5.419247327442394 5.422388920095983 5.420814432161461 0.9678067 4664108
5.422388920095983 5.425530512749573 5.423954494455259 0.9667 4690494
5.425530512749573 5.428672105403163 5.427095600311675 0.96429294 4679888
5.428672105403163 5.431813698056753 5.430238729505244 0.96389186 4704234
5.431813698056753 5.4349552907103424 5.433379449333991 0.96414423 4683736
5.4349552907103424 5.438096883363932 5.436519891864119 0.9626372 4716746
5.438096883363932 5.441238476017522 5.439664614709014 0.9620377 4706736
5.441238476017522 5.444380068671112 5.442809552248675 0.9612666 4725902
5.444380068671112 5.447521661324702 5.445948651244854 0.9596358 4702780
5.447521661324702 5.450663253978291 5.449089843360732 0.95956475 4742534
5.450663253978291 5.453804846631881 5.452233018322013 0.9575124 4717432
5.453804846631881 5.456946439285471 5.455378181892376 0.958151 4759858
5.456946439285471 5.460088031939061 5.458518137815721 0.95715106 4716896
5.460088031939061 5.463229624592651 5.461659693536636 0.9556403 4772286
5.463229624592651 5.46637121724624 5.464801809455574 0.955905 4727612
5.46637121724624 5.46951280989983 5.467941117334734 0.9551107 4779094
5.46951280989983 5.47265440255342 5.471083433533144 0.95413697 4746384
5.47265440255342 5.47579599520701 5.474225764415249 0.9543872 4787594
5.47579599520701 5.4789375878605995 5.477368169535846 0.9528781 4757856
5.4789375878605995 5.482079180514189 5.480508334859623 0.95165086 4795806
5.482079180514189 5.485220773167779 5.4836503051995535 0.95249856 4769948
5.485220773167779 5.488362365821369 5.4867927790135145 0.9512375 4809558
5.488362365821369 5.491503958474959 5.489936382733562 0.95110965 4786548
5.491503958474959 5.494645551128548 5.493081113650602 0.9491732 4821318
5.494645551128548 5.497787143782138 5.496218887130908 0.94816864 4777168
5.497787143782138 5.500928736435728 5.499356421774783 0.94773704 4831186
5.500928736435728 5.504070329089318 5.502497509425494 0.94666153 4800616
5.504070329089318 5.507211921742908 5.5056398159971005 0.9467061 4843246
5.507211921742908 5.510353514396497 5.508780098085525 0.94586843 4806004
5.510353514396497 5.513495107050087 5.511922794279372 0.9444957 4864574
5.513495107050087 5.516636699703677 5.515066437593231 0.9442397 4817752
5.516636699703677 5.519778292357267 5.518208621948683 0.9413563 4870138
5.519778292357267 5.5229198850108565 5.521349636579662 0.9414886 4825816
5.5229198850108565 5.526061477664446 5.524485186558327 0.942431 4867478
5.526061477664446 5.529203070318037 5.527627460461543 0.9407301 4853996
5.529203070318037 5.532344662971626 5.5307711113889475 0.9405637 4882038
5.532344662971626 5.535486255625216 5.533907228409579 0.93837196 4845560
5.535486255625216 5.538627848278805 5.537051086479237 0.9383241 4913386
5.538627848278805 5.541769440932395 5.540196026525559 0.9385812 4861192
5.541769440932395 5.5449110335859855 5.543338066607705 0.93704414 4917802
5.5449110335859855 5.548052626239575 5.5464822409073005 0.9360188 4876928
5.548052626239575 5.551194218893165 5.549624216519883 0.9362731 4919886
5.551194218893165 5.554335811546754 5.552763124369072 0.93501973 4881852
5.554335811546754 5.557477404200345 5.555903128894512 0.9347513 4935030
5.557477404200345 5.560618996853934 5.55904915247441 0.933029 4908832
5.560618996853934 5.563760589507524 5.56219408347858 0.9325421 4941682
5.563760589507524 5.5669021821611135 5.56533212526199 0.93198365 4902672
5.5669021821611135 5.570043774814703 5.568471048142858 0.93096244 4953390
5.570043774814703 5.573185367468294 5.571613887728515 0.93028975 4925884
5.573185367468294 5.576326960121883 5.574755393140603 0.9305514 4960822
5.576326960121883 5.579468552775473 5.57789421541301 0.92952335 4929448
5.579468552775473 5.582610145429062 5.5810382646393 0.92865777 4986746
5.582610145429062 5.585751738082653 5.584183089812928 0.9295211 4942344
5.585751738082653 5.5888933307362425 5.587321790323241 0.92616343 4982510
5.5888933307362425 5.592034923389832 5.590465209562525 0.92669165 4963740
5.592034923389832 5.595176516043422 5.593609303080032 0.92543566 4997750
5.595176516043422 5.598318108697011 5.596749589652649 0.92527795 4964196
5.598318108697011 5.601459701350602 5.599891471865598 0.9243372 5014902
5.601459701350602 5.604601294004191 5.603035326823041 0.9229647 4977128
5.604601294004191 5.607742886657781 5.606174346668623 0.92356145 5013138
5.607742886657781 5.610884479311371 5.609311889186731 0.92213917 4986408
5.610884479311371 5.614026071964961 5.612451456185201 0.9216283 5025990
5.614026071964961 5.617167664618551 5.615595062795143 0.9206799 5011116
5.617167664618551 5.62030925727214 5.618734561787354 0.92016286 5027702
5.62030925727214 5.62345084992573 5.621872862338789 0.9191721 5017048
5.62345084992573 5.6265924425793195 5.625016793874124 0.9167506 5055034
5.6265924425793195 5.62973403523291 5.628160427872133 0.91781825 5030136
5.62973403523291 5.6328756278864995 5.6313000723719355 0.9173052 5052534
5.6328756278864995 5.636017220540089 5.634442665983353 0.91645485 5048396
5.636017220540089 5.639158813193679 5.63758808054934 0.91636133 5074830
5.639158813193679 5.642300405847269 5.640725298869481 0.9152405 5035816
5.642300405847269 5.645441998500859 5.6438679524377715 0.91359854 5099018
5.645441998500859 5.648583591154448 5.647011561237295 0.9132407 5051848
5.648583591154448 5.651725183808038 5.650151368094223 0.91245574 5099602
5.651725183808038 5.654866776461628 5.653292544575621 0.91197747 5068464
5.654866776461628 5.658008369115218 5.6564364496095205 0.91019225 5115654
5.658008369115218 5.661149961768808 5.65957937885133 0.9096912 5077364
5.661149961768808 5.664291554422397 5.662719617910347 0.909903 5122446
5.664291554422397 5.667433147075987 5.665862774078801 0.9101412 5093648
5.667433147075987 5.6705747397295765 5.669006534606767 0.907999 5136738
5.6705747397295765 5.673716332383167 5.672142239035163 0.9085782 5081136
5.673716332383167 5.676857925036757 5.675281236994825 0.9068998 5157198
5.676857925036757 5.679999517690346 5.67843095685156 0.9052078 5125772
5.679999517690346 5.683141110343936 5.681572784724078 0.9052597 5145822
5.683141110343936 5.686282702997526 5.684710644061872 0.9058621 5124328
5.686282702997526 5.689424295651116 5.6878550458441115 0.9034953 5174090
5.689424295651116 5.6925658883047054 5.690996913781045 0.9032923 5130864
5.6925658883047054 5.695707480958295 5.694135678625738 0.9028785 5175950
5.695707480958295 5.698849073611885 5.697276623062088 0.902031 5148124
5.698849073611885 5.701990666265475 5.700419540402546 0.9016857 5193182
5.701990666265475 5.705132258919065 5.703562337953412 0.9015536 5159044
5.705132258919065 5.708273851572654 5.706703911097863 0.8997241 5203798
5.708273851572654 5.711415444226244 5.7098462100932075 0.8996297 5169360
5.711415444226244 5.714557036879834 5.712989664412482 0.8987058 5219474
5.714557036879834 5.717698629533424 5.716129432183369 0.89765584 5170504
5.717698629533424 5.720840222187014 5.719268009621037 0.89718324 5225126
5.720840222187014 5.723981814840603 5.722408040551649 0.89634585 5186564
5.723981814840603 5.727123407494193 5.725548464137041 0.89524513 5238798
5.727123407494193 5.730265000147783 5.7286917599549 0.8950651 5209168
5.730265000147783 5.733406592801373 5.73183473666589 0.894092 5245106
5.733406592801373 5.7365481854549625 5.734973610930534 0.8934651 5209944
5.7365481854549625 5.739689778108552 5.738115431312479 0.89300615 5268350
5.739689778108552 5.742831370762143 5.7412631258271665 0.89192486 5235724
5.742831370762143 5.745972963415732 5.744405882328174 0.8926381 5266094
5.745972963415732 5.749114556069322 5.7475432534779305 0.8913204 5229860
5.749114556069322 5.752256148722911 5.750683049502932 0.89118373 5284950
5.752256148722911 5.755397741376501 5.753827795106958 0.8896334 5257560
5.755397741376501 5.758539334030091 5.756971065416944 0.88870543 5291282
5.758539334030091 5.761680926683681 5.7601092254276285 0.88833994 5254936
5.761680926683681 5.764822519337271 5.763251121543293 0.8868267 5311526
5.764822519337271 5.76796411199086 5.766391948443693 0.887607 5264636
5.76796411199086 5.771105704644451 5.769532303828905 0.8867505 5322174
5.771105704644451 5.77424729729804 5.772674520011106 0.88518655 5279840
5.77424729729804 5.77738888995163 5.775817005889961 0.8857136 5335114
5.77738888995163 5.7805304826052195 5.778958052379128 0.8849232 5288248
5.7805304826052195 5.783672075258809 5.782097306852134 0.8835987 5342806
5.783672075258809 5.7868136679124 5.7852435136052645 0.8833988 5318108
5.7868136679124 5.789955260565989 5.78838599254881 0.8823598 5344254
5.789955260565989 5.793096853219579 5.791521830055556 0.88248706 5309832
5.793096853219579 5.796238445873168 5.794664082379349 0.88136274 5373522
5.796238445873168 5.799380038526759 5.79781022316735 0.8803696 5333832
5.799380038526759 5.8025216311803485 5.800949773053259 0.87935483 5365466
5.8025216311803485 5.805663223833938 5.804089494853029 0.8793181 5347024
5.805663223833938 5.808804816487528 5.807234597796284 0.8784944 5391758
5.808804816487528 5.811946409141117 5.810374573343444 0.8772653 5344180
5.811946409141117 5.815088001794708 5.813513322776818 0.87688756 5400022
5.815088001794708 5.818229594448297 5.816657625140521 0.87668645 5371328
5.818229594448297 5.821371187101887 5.8198013408497316 0.8751055 5410858
5.821371187101887 5.8245127797554765 5.822940350036416 0.8756159 5368496
5.8245127797554765 5.827654372409066 5.826078290463172 0.8741103 5416470
5.827654372409066 5.830795965062657 5.829219510226128 0.874103 5391340
5.830795965062657 5.833937557716246 5.832364360407792 0.8719392 5442598
5.833937557716246 5.837079150369836 5.835505582688383 0.8725025 5393184
5.837079150369836 5.840220743023425 5.838648635962916 0.8707539 5454954
5.840220743023425 5.843362335677016 5.841794621398718 0.8707411 5415416
5.843362335677016 5.8465039283306055 5.844937056604519 0.87049484 5458350
5.8465039283306055 5.849645520984195 5.848078111370467 0.86998725 5419380
5.849645520984195 5.852787113637785 5.851218432057368 0.86847365 5467590
5.852787113637785 5.855928706291374 5.854356885906457 0.86853683 5425052
5.855928706291374 5.859070298944965 5.857497083857662 0.8674093 5487390
5.859070298944965 5.862211891598554 5.8606404788407485 0.86742324 5443824
5.862211891598554 5.865353484252144 5.863780931639966 0.8668737 5492874
5.865353484252144 5.868495076905734 5.866924084039563 0.8661425 5464400
5.868495076905734 5.871636669559324 5.870067699316936 0.86551034 5501742
5.871636669559324 5.874778262212914 5.8732071868397835 0.8640383 5465604
5.874778262212914 5.877919854866503 5.8763434093066484 0.86333406 5503142
5.877919854866503 5.881061447520093 5.8794862941211505 0.8639632 5498696
5.881061447520093 5.8842030401736825 5.882630069461343 0.86241174 5515906
5.8842030401736825 5.887344632827273 5.8857692577468 0.8618577 5498360
5.887344632827273 5.8904862254808625 5.888913188294851 0.86121064 5544414
5.8904862254808625 5.893627818134452 5.892056436740548 0.85980356 5504804
5.893627818134452 5.896769410788042 5.8951997066394 0.8605257 5556670
5.896769410788042 5.899911003441632 5.898340892389745 0.86036426 5511000
5.899911003441632 5.903052596095222 5.901480360992628 0.85884815 5561450
5.903052596095222 5.906194188748811 5.904622042680616 0.8584933 5529592
5.906194188748811 5.909335781402401 5.907761441770447 0.85669106 5567330
5.909335781402401 5.912477374055991 5.910901315416156 0.85687524 5543608
5.912477374055991 5.915618966709581 5.91404922188006 0.85593086 5602918
5.915618966709581 5.918760559363171 5.917193375121423 0.8552374 5546372
5.918760559363171 5.92190215201676 5.920333007588977 0.8547919 5599230
5.92190215201676 5.92504374467035 5.923470865159847 0.85460424 5548368
5.92504374467035 5.92818533732394 5.926610759047158 0.853674 5620074
5.92818533732394 5.93132692997753 5.929755100325004 0.85363513 5577224
5.93132692997753 5.93446852263112 5.932891490793418 0.85217595 5603862
5.93446852263112 5.937610115284709 5.936034955247622 0.8513211 5609868
5.937610115284709 5.940751707938299 5.9391839837913105 0.8506924 5640246
5.940751707938299 5.943893300591889 5.942328058705538 0.85002697 5603720
5.943893300591889 5.947034893245479 5.945469128148447 0.84912986 5638386
5.947034893245479 5.9501764858990684 5.948606652734092 0.8496565 5606312
5.9501764858990684 5.953318078552658 5.95174715151316 0.84834915 5659134
5.953318078552658 5.9564596712062485 5.9548888337809585 0.8481487 5622596
5.9564596712062485 5.959601263859838 5.958028368642127 0.8474047 5662894
5.959601263859838 5.962742856513428 5.961167227247947 0.84581435 5633076
5.962742856513428 5.965884449167017 5.964313842047494 0.8466711 5702846
5.965884449167017 5.969026041820607 5.967457119675069 0.8454516 5630016
5.969026041820607 5.972167634474197 5.970595444125933 0.84489125 5700114
5.972167634474197 5.975309227127787 5.973738359965624 0.8439377 5659984
5.975309227127787 5.978450819781377 5.976877820718398 0.8431494 5697286
5.978450819781377 5.981592412434966 5.980019840943215 0.8428896 5679532
5.981592412434966 5.984734005088557 5.983161454476829 0.84158707 5709566
5.984734005088557 5.987875597742146 5.986300611931427 0.84152853 5684096
5.987875597742146 5.991017190395736 5.989446652709876 0.84050864 5742546
5.991017190395736 5.9941587830493255 5.992591557006818 0.8411594 5695040
5.9941587830493255 5.997300375702915 5.9957311706121885 0.8393385 5736318
5.997300375702915 6.000441968356506 5.998871104026801 0.8394723 5704604
6.000441968356506 6.003583561010095 6.002012890798935 0.83798486 5757694
6.003583561010095 6.006725153663685 6.00515343095328 0.8380412 5713008
6.006725153663685 6.009866746317274 6.008293780071812 0.8378061 5766194
6.009866746317274 6.013008338970864 6.011435345820931 0.8361562 5728392
6.013008338970864 6.016149931624454 6.014577015666868 0.8358762 5781354
6.016149931624454 6.019291524278044 6.017719687139488 0.83539516 5746000
6.019291524278044 6.022433116931634 6.020859102094276 0.83375823 5777062
6.022433116931634 6.025574709585223 6.023998246355356 0.8343133 5758316
6.025574709585223 6.028716302238814 6.027138959423135 0.8331419 5797894
6.028716302238814 6.031857894892403 6.030280701535128 0.83377457 5771744
6.031857894892403 6.034999487545993 6.033424902586522 0.83282596 5816538
6.034999487545993 6.0381410801995825 6.03656375181643 0.8325021 5767544
6.0381410801995825 6.041282672853172 6.039703676312733 0.8312323 5832102
6.041282672853172 6.044424265506763 6.042850979703485 0.83045435 5803820
6.044424265506763 6.047565858160352 6.045996173290553 0.8298749 5841454
6.047565858160352 6.050707450813942 6.0491338708262665 0.8300331 5787152
6.050707450813942 6.053849043467531 6.052274832412392 0.82885444 5862186
6.053849043467531 6.056990636121122 6.0554197315279925 0.828302 5815240
6.056990636121122 6.0601322287747115 6.058557344259811 0.82822555 5850146
6.0601322287747115 6.063273821428301 6.061697623146409 0.8275979 5833960
6.063273821428301 6.066415414081891 6.0648445886924245 0.82675964 5885326
6.066415414081891 6.06955700673548 6.067987664754811 0.8256729 5836380
6.06955700673548 6.072698599389071 6.071127278617093 0.82494235 5884358
6.072698599389071 6.07584019204266 6.074268896589592 0.8245477 5853320
6.07584019204266 6.07898178469625 6.077412179132363 0.8231286 5901754
6.07898178469625 6.0821233773498395 6.080550272775602 0.8238983 5850472
6.0821233773498395 6.08526497000343 6.0836898554308645 0.8228676 5916694
6.08526497000343 6.08840656265702 6.086835678743238 0.8216832 5884724
6.08840656265702 6.091548155310609 6.089980745415847 0.8222139 5928622
6.091548155310609 6.094689747964199 6.093119038073599 0.82156575 5870672
6.094689747964199 6.097831340617788 6.096261371146857 0.82072765 5954778
6.097831340617788 6.100972933271379 6.099405610204635 0.8198874 5891656
6.100972933271379 6.1041145259249685 6.102541447119356 0.8197316 5937158
6.1041145259249685 6.107256118578558 6.105683789773243 0.81909394 5923820
6.107256118578558 6.110397711232148 6.108828994913978 0.8182977 5960598
6.110397711232148 6.113539303885738 6.111971726793427 0.8178419 5930164
6.113539303885738 6.116680896539328 6.1151138195189585 0.8165634 5970214
6.116680896539328 6.119822489192917 6.118253967326989 0.8167818 5930968
6.119822489192917 6.122964081846507 6.12139204116539 0.81593263 5977034
6.122964081846507 6.126105674500097 6.1245314310979175 0.8154749 5950224
6.126105674500097 6.129247267153687 6.127671103186538 0.8145069 5987246
6.129247267153687 6.132388859807277 6.130813113414897 0.813991 5972276
6.132388859807277 6.135530452460866 6.133957094448472 0.81399775 6009070
6.135530452460866 6.138672045114456 6.137100110025804 0.8139836 5977200
6.138672045114456 6.141813637768046 6.140242742172434 0.8128141 6020954
6.141813637768046 6.144955230421636 6.143383138506441 0.81291205 5983920
6.144955230421636 6.1480968230752255 6.146523929646763 0.81118435 6031878
6.1480968230752255 6.151238415728815 6.149665090977502 0.8111267 5997556
6.151238415728815 6.154380008382405 6.15280749877634 0.80983347 6049030
6.154380008382405 6.157521601035995 6.155951615427668 0.8092025 6019104
6.157521601035995 6.160663193689585 6.1590945094020215 0.8091512 6054122
6.160663193689585 6.163804786343174 6.162235135623345 0.80906665 6021504
6.163804786343174 6.166946378996764 6.1653751862743125 0.80807114 6067866
6.166946378996764 6.1700879716503545 6.1685148929738975 0.80802894 6030912
6.1700879716503545 6.173229564303944 6.171658307720599 0.80735415 6092750
6.173229564303944 6.176371156957534 6.174800402923286 0.80601966 6038636
6.176371156957534 6.179512749611123 6.177937934755708 0.8059725 6090382
6.179512749611123 6.182654342264713 6.181081508302595 0.8063155 6071696
6.182654342264713 6.185795934918303 6.184223689290764 0.804407 6097002
6.185795934918303 6.188937527571893 6.18736208511165 0.8047797 6072952
6.188937527571893 6.192079120225483 6.190503662871254 0.80237395 6118118
6.192079120225483 6.195220712879072 6.193647848646863 0.8024525 6095324
6.195220712879072 6.198362305532662 6.196794437865183 0.802895 6141966
6.198362305532662 6.201503898186252 6.1999348613908944 0.802685 6084256
6.201503898186252 6.204645490839842 6.203076001492774 0.80168736 6153178
6.204645490839842 6.2077870834934314 6.206219147932765 0.8016688 6106800
6.2077870834934314 6.210928676147021 6.209360799011673 0.8002051 6162630
6.210928676147021 6.2140702688006115 6.2125015604846405 0.7996962 6113252
6.2140702688006115 6.217211861454201 6.21564286839814 0.7986629 6175062
6.217211861454201 6.220353454107791 6.218783996310081 0.7991031 6127292
6.220353454107791 6.22349504676138 6.221924127439871 0.796887 6184726
6.22349504676138 6.22663663941497 6.225061368775501 0.79837894 6125216
6.22663663941497 6.22977823206856 6.228201137227678 0.79738444 6208554
6.22977823206856 6.23291982472215 6.23134539890292 0.7974211 6157408
6.23291982472215 6.23606141737574 6.234486561247359 0.79636604 6205246
6.23606141737574 6.239203010029329 6.2376290272948935 0.79515105 6176508
6.239203010029329 6.24234460268292 6.240773536429107 0.7947004 6228774
6.24234460268292 6.245486195336509 6.243917497070975 0.79434013 6183848
6.245486195336509 6.248627787990099 6.2470594241812325 0.79323566 6230994
6.248627787990099 6.2517693806436885 6.250197964672195 0.7931766 6185512
6.2517693806436885 6.254910973297278 6.253336921374619 0.79319125 6247766
6.254910973297278 6.258052565950869 6.256482636108406 0.79236543 6219940
6.258052565950869 6.261194158604458 6.259625221312358 0.79199845 6249502
6.261194158604458 6.264335751258048 6.262763632393744 0.791222 6218960
6.264335751258048 6.267477343911637 6.2659071531248225 0.7911903 6278146
6.267477343911637 6.270618936565228 6.269048348244608 0.7906814 6223224
6.270618936565228 6.273760529218817 6.272188930391025 0.78981775 6289850
6.273760529218817 6.276902121872407 6.275329359082192 0.78913647 6235400
6.276902121872407 6.280043714525997 6.278469190308535 0.7898128 6296502
6.280043714525997 6.283185307179586 6.281613449413404 0.78813374 6267636
6.283185307179586 6.286326899833177 6.28475450053523 0.78826433 6300054
6.286326899833177 6.289468492486766 6.287896877748372 0.78721106 6279304
6.289468492486766 6.292610085140356 6.291041626442413 0.7862035 6324034
6.292610085140356 6.2957516777939455 6.294182845583312 0.78647596 6280728
6.2957516777939455 6.298893270447536 6.29732320092253 0.7849295 6331998
6.298893270447536 6.302034863101126 6.300466275518617 0.7854517 6300316
6.302034863101126 6.305176455754715 6.30360607472829 0.78410465 6334486
6.305176455754715 6.308318048408305 6.306743789075756 0.784213 6307224
6.308318048408305 6.311459641061894 6.309884878403909 0.7829723 6355506
6.311459641061894 6.314601233715485 6.313029446116141 0.78228134 6335288
6.314601233715485 6.3177428263690745 6.316172058068255 0.7819785 6363798
6.3177428263690745 6.320884419022664 6.319313225283926 0.7824556 6338068
6.320884419022664 6.324026011676254 6.322453238464704 0.7821584 6373006
6.324026011676254 6.327167604329844 6.325593124213339 0.78027856 6351652
6.327167604329844 6.330309196983434 6.328733688521062 0.7807965 6387446
6.330309196983434 6.333450789637023 6.331874232521582 0.77959603 6361144
6.333450789637023 6.336592382290613 6.335016210222565 0.7792868 6408346
6.336592382290613 6.3397339749442025 6.338157127358081 0.7780606 6373504
6.3397339749442025 6.342875567597793 6.341301000231277 0.77900654 6426182
6.342875567597793 6.346017160251383 6.34444239442985 0.77755475 6379684
6.346017160251383 6.349158752904972 6.3475861616815275 0.77767044 6448942
6.349158752904972 6.352300345558562 6.350727365477712 0.7763871 6382608
6.352300345558562 6.355441938212151 6.353866518189632 0.7758725 6450186
6.355441938212151 6.358583530865742 6.357011567035133 0.77590925 6420448
6.358583530865742 6.3617251235193315 6.360154420061814 0.77512664 6455494
6.3617251235193315 6.364866716172921 6.363296118178659 0.7751353 6425692
6.364866716172921 6.368008308826511 6.366440193096057 0.7738831 6480622
6.368008308826511 6.371149901480101 6.369581505512949 0.7733195 6427444
6.371149901480101 6.374291494133691 6.372721282928205 0.7739723 6485678
6.374291494133691 6.37743308678728 6.375861834275143 0.7735597 6441440
6.37743308678728 6.38057467944087 6.379001014092964 0.7724398 6495906
6.38057467944087 6.38371627209446 6.382143561425411 0.772044 6469536
6.38371627209446 6.38685786474805 6.385286501334404 0.77185404 6503838
6.38685786474805 6.38999945740164 6.388426403018483 0.7709048 6473044
6.38999945740164 6.393141050055229 6.391569927039393 0.7706606 6535126
6.393141050055229 6.396282642708819 6.394711550934014 0.7698055 6474744
6.396282642708819 6.399424235362409 6.397854028046567 0.76968414 6551066
6.399424235362409 6.402565828015999 6.400997969823304 0.76896715 6494824
6.402565828015999 6.4057074206695885 6.404135668128892 0.76854014 6538766
6.4057074206695885 6.408849013323178 6.407277824618758 0.76722074 6522436
6.408849013323178 6.411990605976768 6.410421825975549 0.7667015 6561262
6.411990605976768 6.415132198630358 6.413559702542015 0.76782435 6511512
6.415132198630358 6.418273791283948 6.416700345564255 0.76685476 6583194
6.418273791283948 6.421415383937537 6.419842996367201 0.766542 6533912
6.421415383937537 6.424556976591127 6.42298278955508 0.7661413 6585090
6.424556976591127 6.4276985692447175 6.426125178788367 0.7651458 6557712
6.4276985692447175 6.430840161898307 6.429266322842836 0.7652598 6588606
6.430840161898307 6.433981754551897 6.432408117269945 0.7645107 6575736
